S.no.,Emoji,Count,Sarcastic Positive,Sarcastic Negative,Non-Sarcastic Positive,Non-Sarcastic Negative
1,😂(joy),6688,1138 (17.0%),478 (7.1%),1433 (21.4%),819 (12.2%)
2,😭(loudly crying face),3290,184 (5.6%),99 (3.0%),963 (29.3%),718 (21.8%)
3,😜(winking face with tongue),2956,1126 (38.1%),480 (16.2%),66 (2.2%),19 (0.6%)
4,😡(pouting face),2717,155 (5.7%),68 (2.5%),521 (19.2%),1041 (38.3%)
5,😕(confused face),2709,128 (4.7%),69 (2.5%),758 (28.0%),709 (26.2%)
6,😊(blishing with smiling eyes),901,213 (23.6%),39 (4.3%),325 (36.1%),41 (4.6%)
7,😍(smiling face with heart eyes),821,177 (21.6%),22 (2.7%),372 (45.3%),34 (4.1%)
8,😒(unamused face),625,266 (42.6%),97 (15.5%),47 (7.5%),55 (8.8%)
9,😉(winking face),618,154 (24.9%),65 (10.5%),116 (18.8%),13 (2.1%)
10,❤(red heart),557,70 (12.6%),18 (3.2%),343 (61.6%),19 (3.4%)
11,❤️(❤️),501,84 (16.8%),37 (7.4%),281 (56.1%),20 (4.0%)
12,😩(weary face),457,73 (16.0%),41 (9.0%),96 (21.0%),83 (18.2%)
13,😘(throwing a kiss),454,70 (15.4%),35 (7.7%),249 (54.8%),21 (4.6%)
14,😁(grinning smiling eyes),407,134 (32.9%),52 (12.8%),70 (17.2%),16 (3.9%)
15,😅(grinning face with sweat),402,124 (30.8%),35 (8.7%),56 (13.9%),22 (5.5%)
16,🤣(rolling on the floor laughing),363,128 (35.3%),51 (14.0%),20 (5.5%),20 (5.5%)
17,😎(smiling face with sunglasses),317,74 (23.3%),23 (7.3%),94 (29.7%),19 (6.0%)
18,😏(smirking face),284,76 (26.8%),57 (20.1%),39 (13.7%),11 (3.9%)
19,😑(expressionless face),284,108 (38.0%),52 (18.3%),12 (4.2%),30 (10.6%)
20,♥(heart suit),256,7 (2.7%),0 (0.0%),143 (55.9%),8 (3.1%)
21,😄(grinning face with smiling eyes),238,74 (31.1%),9 (3.8%),60 (25.2%),7 (2.9%)
22,😀(grinning face),238,48 (20.2%),11 (4.6%),66 (27.7%),3 (1.3%)
23,🙄(rolling eyes),234,69 (29.5%),46 (19.7%),14 (6.0%),21 (9.0%)
24,😳(flushed),226,42 (18.6%),27 (11.9%),43 (19.0%),21 (9.3%)
25,😆(grinning squinting face),223,53 (23.8%),21 (9.4%),38 (17.0%),9 (4.0%)
26,😃(grinning face with big eyes),211,41 (19.4%),11 (5.2%),59 (28.0%),9 (4.3%)
27,😔(pensive face),208,41 (19.7%),20 (9.6%),36 (17.3%),59 (28.4%)
28,👍(thumbs up),199,76 (38.2%),20 (10.1%),44 (22.1%),4 (2.0%)
29,😢(crying face),192,25 (13.0%),22 (11.5%),43 (22.4%),38 (19.8%)
30,😱(face screaming in fear),180,36 (20.0%),24 (13.3%),24 (13.3%),14 (7.8%)
31,🤔(thinking face),176,41 (23.3%),32 (18.2%),21 (11.9%),14 (8.0%)
32,🔥(fire),174,28 (16.1%),13 (7.5%),16 (9.2%),7 (4.0%)
33,👌(ok hand),166,37 (22.3%),9 (5.4%),39 (23.5%),11 (6.6%)
34,😋(face savouring delicious food),166,58 (34.9%),10 (6.0%),31 (18.7%),3 (1.8%)
35,😐(neutral face),159,38 (23.9%),17 (10.7%),17 (10.7%),16 (10.1%)
36,☺️(☺️),153,48 (31.4%),7 (4.6%),71 (46.4%),5 (3.3%)
37,♀️(♀️),146,35 (24.0%),20 (13.7%),21 (14.4%),15 (10.3%)
38,😴(sleeping face),141,34 (24.1%),13 (9.2%),19 (13.5%),34 (24.1%)
39,😇(smiling face with halo),137,21 (15.3%),28 (20.4%),36 (26.3%),5 (3.6%)
40,😝(stuck-out tongue and tightly-closed eyes),136,60 (44.1%),6 (4.4%),21 (15.4%),3 (2.2%)
41,😌(relieved),132,26 (19.7%),5 (3.8%),46 (34.8%),8 (6.1%)
42,💕(two hearts),131,16 (12.2%),5 (3.8%),68 (51.9%),3 (2.3%)
43,💯(hundred points),131,24 (18.3%),7 (5.3%),36 (27.5%),9 (6.9%)
44,🙏(folded hands),129,20 (15.5%),7 (5.4%),56 (43.4%),6 (4.7%)
45,💙(blue heart),126,19 (15.1%),1 (0.8%),70 (55.6%),6 (4.8%)
46,☺(white smiling),120,19 (15.8%),0 (0.0%),44 (36.7%),6 (5.0%)
47,🙈(see no evil monkey),119,38 (31.9%),11 (9.2%),13 (10.9%),8 (6.7%)
48,👀(eyes),117,18 (15.4%),9 (7.7%),21 (17.9%),4 (3.4%)
49,😫(tired face),114,27 (23.7%),12 (10.5%),14 (12.3%),26 (22.8%)
50,😈(smiling face with horns),114,28 (24.6%),6 (5.3%),22 (19.3%),7 (6.1%)
51,😞(disappointed face),113,20 (17.7%),12 (10.6%),22 (19.5%),27 (23.9%)
52,👏(clapping hands),107,45 (42.1%),7 (6.5%),18 (16.8%),5 (4.7%)
53,🙃(upside down face),105,47 (44.8%),11 (10.5%),13 (12.4%),8 (7.6%)
54,✌(victory hand),103,17 (16.5%),10 (9.7%),22 (21.4%),7 (6.8%)
55,😬(grimacing face),101,27 (26.7%),9 (8.9%),16 (15.8%),12 (11.9%)
56,✨(sparkles),100,18 (18.0%),6 (6.0%),43 (43.0%),7 (7.0%)
57,😠(angry face),99,28 (28.3%),14 (14.1%),7 (7.1%),23 (23.2%)
58,🙌(raising hands),96,9 (9.4%),1 (1.0%),38 (39.6%),2 (2.1%)
59,😮(face with open mouth),93,17 (18.3%),17 (18.3%),14 (15.1%),5 (5.4%)
60,😣(persevering face),87,26 (29.9%),13 (14.9%),18 (20.7%),6 (6.9%)
61,😛(face with tongue),84,15 (17.9%),18 (21.4%),19 (22.6%),6 (7.1%)
62,💜(purple heart),83,12 (14.5%),2 (2.4%),44 (53.0%),3 (3.6%)
63,💖(sparkling heart),82,6 (7.3%),2 (2.4%),47 (57.3%),6 (7.3%)
64,♂️(♂️),79,14 (17.7%),13 (16.5%),7 (8.9%),11 (13.9%)
65,🎉(party popper),79,23 (29.1%),1 (1.3%),24 (30.4%),1 (1.3%)
66,🤗(hugging),79,20 (25.3%),8 (10.1%),26 (32.9%),6 (7.6%)
67,👉(backhand index pointing right),75,15 (20.0%),4 (5.3%),13 (17.3%),3 (4.0%)
68,😲(astonished face),74,11 (14.9%),18 (24.3%),5 (6.8%),2 (2.7%)
69,😷(face with medical mask),72,22 (30.6%),9 (12.5%),18 (25.0%),11 (15.3%)
70,😪(sleepy face),64,12 (18.8%),7 (10.9%),13 (20.3%),11 (17.2%)
71,👑(crown),63,8 (12.7%),2 (3.2%),26 (41.3%),7 (11.1%)
72,💪(flexed biceps),63,13 (20.6%),3 (4.8%),17 (27.0%),4 (6.3%)
73,🎄(christmas tree),62,8 (12.9%),5 (8.1%),32 (51.6%),4 (6.5%)
74,💋(kiss mark),62,11 (17.7%),8 (12.9%),18 (29.0%),5 (8.1%)
75,😤(triumph face),61,14 (23.0%),8 (13.1%),5 (8.2%),9 (14.8%)
76,☕(hot beverage),61,15 (24.6%),3 (4.9%),18 (29.5%),2 (3.3%)
77,💛(yellow heart),60,7 (11.7%),1 (1.7%),29 (48.3%),3 (5.0%)
78,💀(skull),59,7 (11.9%),9 (15.3%),9 (15.3%),8 (13.6%)
79,👇(backhand index pointing down),57,7 (12.3%),9 (15.8%),6 (10.5%),2 (3.5%)
80,💩(pile of poo),57,22 (38.6%),9 (15.8%),4 (7.0%),4 (7.0%)
81,💔(broken heart),53,3 (5.7%),5 (9.4%),13 (24.5%),10 (18.9%)
82,😥(disappointed but relieved),52,9 (17.3%),6 (11.5%),12 (23.1%),6 (11.5%)
83,🙂(slightly smiling),52,15 (28.8%),4 (7.7%),13 (25.0%),0 (0.0%)
84,✊(raised fist),52,8 (15.4%),3 (5.8%),25 (48.1%),3 (5.8%)
85,👍🏻(👍🏻),51,30 (58.8%),4 (7.8%),2 (3.9%),3 (5.9%)
86,🎈(balloon),51,2 (3.9%),0 (0.0%),38 (74.5%),0 (0.0%)
87,😓(cold sweat),49,10 (20.4%),5 (10.2%),6 (12.2%),15 (30.6%)
88,💚(green heart),48,3 (6.2%),0 (0.0%),32 (66.7%),1 (2.1%)
89,💞(revolving hearts),48,3 (6.2%),0 (0.0%),33 (68.8%),2 (4.2%)
90,👏🏻(👏🏻),47,25 (53.2%),1 (2.1%),5 (10.6%),2 (4.3%)
91,🎶(musical notes),47,10 (21.3%),6 (12.8%),15 (31.9%),5 (10.6%)
92,🤪(zany face),47,12 (25.5%),4 (8.5%),2 (4.3%),2 (4.3%)
93,😖(confounded face),47,15 (31.9%),9 (19.1%),8 (17.0%),8 (17.0%)
94,🥰(smiling face with hearts),46,6 (13.0%),3 (6.5%),23 (50.0%),2 (4.3%)
95,✋(raised hand),44,23 (52.3%),6 (13.6%),4 (9.1%),1 (2.3%)
96,🤓(nerd face),43,11 (25.6%),6 (14.0%),6 (14.0%),0 (0.0%)
97,😶(face without mouth),42,9 (21.4%),8 (19.0%),6 (14.3%),2 (4.8%)
98,🥺(pleading face),42,1 (2.4%),0 (0.0%),29 (69.0%),6 (14.3%)
99,👎(thumbs down),42,8 (19.0%),1 (2.4%),4 (9.5%),5 (11.9%)
100,✌️(✌️),42,15 (35.7%),3 (7.1%),7 (16.7%),10 (23.8%)
101,🇺🇸(🇺🇸),41,9 (22.0%),10 (24.4%),9 (22.0%),2 (4.9%)
102,👊(oncoming fist),40,7 (17.5%),1 (2.5%),12 (30.0%),1 (2.5%)
103,😰(anxious face with sweat),40,11 (27.5%),1 (2.5%),3 (7.5%),12 (30.0%)
104,🙊(speak no evil monkey),39,8 (20.5%),3 (7.7%),2 (5.1%),6 (15.4%)
105,™(trade mark sign),38,6 (15.8%),1 (2.6%),9 (23.7%),6 (15.8%)
106,💓(beating heart),37,4 (10.8%),1 (2.7%),18 (48.6%),0 (0.0%)
107,🤦(person facepalming),37,16 (43.2%),8 (21.6%),0 (0.0%),4 (10.8%)
108,😻(smiling cat with heart eyes),35,8 (22.9%),0 (0.0%),16 (45.7%),0 (0.0%)
109,❄️(❄️),34,2 (5.9%),5 (14.7%),16 (47.1%),3 (8.8%)
110,🤷(person shrugging),34,7 (20.6%),3 (8.8%),8 (23.5%),6 (17.6%)
111,🎁(wrapped gift),34,8 (23.5%),2 (5.9%),15 (44.1%),1 (2.9%)
112,🌞(sun with),34,10 (29.4%),1 (2.9%),12 (35.3%),2 (5.9%)
113,👋(waving hand),32,4 (12.5%),2 (6.2%),8 (25.0%),7 (21.9%)
114,🌈(rainbow),32,12 (37.5%),1 (3.1%),6 (18.8%),2 (6.2%)
115,💗(growing heart),31,2 (6.5%),0 (0.0%),18 (58.1%),0 (0.0%)
116,😵(dizzy),31,5 (16.1%),6 (19.4%),4 (12.9%),0 (0.0%)
117,🌟(glowing star),31,1 (3.2%),0 (0.0%),16 (51.6%),4 (12.9%)
118,💦(splashing sweat symbol),30,5 (16.7%),7 (23.3%),5 (16.7%),1 (3.3%)
119,⚽(soccer ball),30,4 (13.3%),4 (13.3%),11 (36.7%),4 (13.3%)
120,😨(fearful face),30,4 (13.3%),2 (6.7%),3 (10.0%),4 (13.3%)
121,💥(collision symbol),30,8 (26.7%),2 (6.7%),8 (26.7%),0 (0.0%)
122,🌎(globe showing americas),29,3 (10.3%),0 (0.0%),7 (24.1%),0 (0.0%)
123,🙍(person frowning),29,7 (24.1%),6 (20.7%),0 (0.0%),1 (3.4%)
124,👆(backhand index pointing up),29,3 (10.3%),2 (6.9%),6 (20.7%),0 (0.0%)
125,🖤(black heart),29,14 (48.3%),0 (0.0%),7 (24.1%),1 (3.4%)
126,😧(anguished),29,5 (17.2%),4 (13.8%),5 (17.2%),8 (27.6%)
127,❣(heart exclamation),28,7 (25.0%),0 (0.0%),15 (53.6%),2 (7.1%)
128,🌹(rose),28,3 (10.7%),1 (3.6%),15 (53.6%),0 (0.0%)
129,💫(dizzy),27,2 (7.4%),1 (3.7%),13 (48.1%),2 (7.4%)
130,‼️(‼️),27,4 (14.8%),2 (7.4%),6 (22.2%),3 (11.1%)
131,😚(kissing closed eyes),27,8 (29.6%),3 (11.1%),12 (44.4%),1 (3.7%)
132,🔫(water pistol),26,13 (50.0%),2 (7.7%),1 (3.8%),0 (0.0%)
133,🤷🏻(🤷🏻),26,3 (11.5%),3 (11.5%),5 (19.2%),4 (15.4%)
134,😯(hushed face),26,3 (11.5%),6 (23.1%),2 (7.7%),2 (7.7%)
135,🎂(birthday cake),26,2 (7.7%),1 (3.8%),23 (88.5%),0 (0.0%)
136,☹️(☹️),26,2 (7.7%),3 (11.5%),14 (53.8%),3 (11.5%)
137,🎊(confetti ball),26,7 (26.9%),1 (3.8%),14 (53.8%),0 (0.0%)
138,😙(kissing smiling eyes),25,5 (20.0%),0 (0.0%),11 (44.0%),0 (0.0%)
139,🎥(movie camera),24,8 (33.3%),2 (8.3%),3 (12.5%),2 (8.3%)
140,🤑(money-mouth),24,4 (16.7%),3 (12.5%),8 (33.3%),2 (8.3%)
141,⚰️(⚰️),24,5 (20.8%),4 (16.7%),0 (0.0%),0 (0.0%)
142,🎅(father christmas),24,4 (16.7%),2 (8.3%),10 (41.7%),1 (4.2%)
143,✅(white heavy check mark),24,4 (16.7%),0 (0.0%),6 (25.0%),1 (4.2%)
144,👌🏻(👌🏻),23,7 (30.4%),1 (4.3%),3 (13.0%),0 (0.0%)
145,🎵(musical note),23,6 (26.1%),2 (8.7%),7 (30.4%),1 (4.3%)
146,👍🏼(👍🏼),23,12 (52.2%),3 (13.0%),3 (13.0%),0 (0.0%)
147,☔(umbrella with rain drops),23,8 (34.8%),2 (8.7%),2 (8.7%),2 (8.7%)
148,♥️(♥️),22,5 (22.7%),2 (9.1%),12 (54.5%),1 (4.5%)
149,🍗(poultry leg),22,2 (9.1%),1 (4.5%),10 (45.5%),3 (13.6%)
150,🏈(american football),22,9 (40.9%),3 (13.6%),6 (27.3%),0 (0.0%)
151,🥴(woozy face),22,3 (13.6%),1 (4.5%),4 (18.2%),8 (36.4%)
152,🤯(exploding head),22,4 (18.2%),4 (18.2%),4 (18.2%),1 (4.5%)
153,💻(laptop),22,2 (9.1%),0 (0.0%),2 (9.1%),4 (18.2%)
154,🐶(dog face),21,5 (23.8%),1 (4.8%),2 (9.5%),2 (9.5%)
155,😟(worried face),21,7 (33.3%),0 (0.0%),2 (9.5%),6 (28.6%)
156,🤬(face with symbols on mouth),21,5 (23.8%),2 (9.5%),0 (0.0%),6 (28.6%)
157,🤨(one eyebrow raised),21,5 (23.8%),3 (14.3%),4 (19.0%),7 (33.3%)
158,😹(cat with tears of joy),21,4 (19.0%),3 (14.3%),3 (14.3%),2 (9.5%)
159,💁(person tipping hand),21,9 (42.9%),4 (19.0%),3 (14.3%),1 (4.8%)
160,👏🏼(👏🏼),21,6 (28.6%),2 (9.5%),5 (23.8%),2 (9.5%)
161,🍕(pizza),21,6 (28.6%),0 (0.0%),6 (28.6%),3 (14.3%)
162,🍷(wine glass),21,6 (28.6%),1 (4.8%),4 (19.0%),0 (0.0%)
163,👻(ghost),21,3 (14.3%),5 (23.8%),2 (9.5%),0 (0.0%)
164,🚨(police car light),21,8 (38.1%),2 (9.5%),4 (19.0%),0 (0.0%)
165,👈(backhand index pointing left),20,4 (20.0%),2 (10.0%),3 (15.0%),0 (0.0%)
166,💰(money bag),20,6 (30.0%),0 (0.0%),4 (20.0%),3 (15.0%)
167,🧐(face with monocle),20,4 (20.0%),0 (0.0%),4 (20.0%),2 (10.0%)
168,👌🏼(👌🏼),20,9 (45.0%),3 (15.0%),3 (15.0%),0 (0.0%)
169,🙌🏻(🙌🏻),20,5 (25.0%),3 (15.0%),3 (15.0%),2 (10.0%)
170,🎤(microphone),20,3 (15.0%),2 (10.0%),10 (50.0%),1 (5.0%)
171,®(registered sign),19,0 (0.0%),0 (0.0%),8 (42.1%),1 (5.3%)
172,🎃(jack-o-lantern),19,2 (10.5%),0 (0.0%),6 (31.6%),1 (5.3%)
173,🙌🏼(🙌🏼),19,4 (21.1%),3 (15.8%),4 (21.1%),2 (10.5%)
174,👼(baby angel),19,4 (21.1%),1 (5.3%),6 (31.6%),1 (5.3%)
175,👅(tongue),19,4 (21.1%),2 (10.5%),7 (36.8%),0 (0.0%)
176,🤷🏽(🤷🏽),19,3 (15.8%),1 (5.3%),5 (26.3%),5 (26.3%)
177,♂(male sign),18,3 (16.7%),0 (0.0%),3 (16.7%),2 (11.1%)
178,☹(white frowning),18,1 (5.6%),0 (0.0%),4 (22.2%),3 (16.7%)
179,🌸(cherry blossom),18,1 (5.6%),0 (0.0%),12 (66.7%),0 (0.0%)
180,✔(heavy check mark),18,6 (33.3%),3 (16.7%),3 (16.7%),1 (5.6%)
181,🤘(sign of the horns),18,5 (27.8%),1 (5.6%),6 (33.3%),0 (0.0%)
182,🤩(star struck),18,2 (11.1%),3 (16.7%),8 (44.4%),0 (0.0%)
183,💤(sleeping symbol),18,6 (33.3%),1 (5.6%),2 (11.1%),3 (16.7%)
184,👏🏽(👏🏽),18,6 (33.3%),3 (16.7%),3 (16.7%),0 (0.0%)
185,🤦🏻(🤦🏻),17,5 (29.4%),5 (29.4%),0 (0.0%),1 (5.9%)
186,🙋(person raising hand),17,2 (11.8%),1 (5.9%),4 (23.5%),0 (0.0%)
187,📷(camera),17,4 (23.5%),3 (17.6%),6 (35.3%),0 (0.0%)
188,📱(mobile phone),17,1 (5.9%),1 (5.9%),4 (23.5%),0 (0.0%)
189,🏆(trophy),17,4 (23.5%),4 (23.5%),6 (35.3%),0 (0.0%)
190,🙀(weary cat),17,4 (23.5%),1 (5.9%),2 (11.8%),2 (11.8%)
191,☀️(☀️),17,2 (11.8%),0 (0.0%),10 (58.8%),3 (17.6%)
192,🍻(clinking beer mugs),16,4 (25.0%),1 (6.2%),2 (12.5%),3 (18.8%)
193,🐍(snake),16,9 (56.2%),1 (6.2%),2 (12.5%),0 (0.0%)
194,🍾(bottle with popping cork),16,5 (31.2%),0 (0.0%),7 (43.8%),0 (0.0%)
195,🥳(party horn and party hat),16,4 (25.0%),0 (0.0%),10 (62.5%),0 (0.0%)
196,⚡(high voltage),16,0 (0.0%),2 (12.5%),3 (18.8%),0 (0.0%)
197,⭐(star),16,2 (12.5%),0 (0.0%),9 (56.2%),0 (0.0%)
198,🌱(seedling),16,1 (6.2%),1 (6.2%),7 (43.8%),1 (6.2%)
199,📺(television),16,2 (12.5%),0 (0.0%),3 (18.8%),0 (0.0%)
200,🤡(clown face),16,3 (18.8%),3 (18.8%),4 (25.0%),1 (6.2%)
201,💍(ring),15,1 (6.7%),1 (6.7%),7 (46.7%),0 (0.0%)
202,💸(money with wings),15,3 (20.0%),0 (0.0%),7 (46.7%),0 (0.0%)
203,🌊(water wave),15,6 (40.0%),1 (6.7%),3 (20.0%),0 (0.0%)
204,🍀(four leaf clover),15,4 (26.7%),2 (13.3%),6 (40.0%),0 (0.0%)
205,💃(woman dancing),15,4 (26.7%),0 (0.0%),4 (26.7%),0 (0.0%)
206,🎼(musical score),15,4 (26.7%),1 (6.7%),6 (40.0%),0 (0.0%)
207,🤷🏼(🤷🏼),15,1 (6.7%),4 (26.7%),1 (6.7%),2 (13.3%)
208,🥂(clinking glasses),14,1 (7.1%),0 (0.0%),7 (50.0%),1 (7.1%)
209,🤷🏾(🤷🏾),14,1 (7.1%),1 (7.1%),3 (21.4%),2 (14.3%)
210,🙌🏽(🙌🏽),14,3 (21.4%),2 (14.3%),3 (21.4%),0 (0.0%)
211,✔️(✔️),14,3 (21.4%),0 (0.0%),5 (35.7%),0 (0.0%)
212,🤦🏼(🤦🏼),14,2 (14.3%),2 (14.3%),1 (7.1%),2 (14.3%)
213,💝(heart with ribbon),14,1 (7.1%),0 (0.0%),8 (57.1%),1 (7.1%)
214,❗(heavy exclamation mark symbol),14,4 (28.6%),0 (0.0%),0 (0.0%),4 (28.6%)
215,🌻(sunflower),14,1 (7.1%),0 (0.0%),3 (21.4%),1 (7.1%)
216,❌(cross mark),14,4 (28.6%),1 (7.1%),2 (14.3%),0 (0.0%)
217,🤦🏽(🤦🏽),14,3 (21.4%),1 (7.1%),5 (35.7%),2 (14.3%)
218,👫(woman and man holding hands),14,4 (28.6%),1 (7.1%),5 (35.7%),0 (0.0%)
219,🙉(hear no evil monkey),14,2 (14.3%),1 (7.1%),1 (7.1%),1 (7.1%)
220,⛄(snowman without snow),14,1 (7.1%),0 (0.0%),8 (57.1%),0 (0.0%)
221,👩(woman),13,3 (23.1%),0 (0.0%),5 (38.5%),1 (7.7%)
222,🚫(no entry sign),13,5 (38.5%),1 (7.7%),1 (7.7%),1 (7.7%)
223,🚀(rocket),13,2 (15.4%),1 (7.7%),1 (7.7%),1 (7.7%)
224,🔴(red circle),13,0 (0.0%),1 (7.7%),5 (38.5%),0 (0.0%)
225,♀(female sign),13,1 (7.7%),2 (15.4%),7 (53.8%),1 (7.7%)
226,🦄(unicorn),13,2 (15.4%),0 (0.0%),4 (30.8%),1 (7.7%)
227,🌍(globe showing europe-africa),13,2 (15.4%),2 (15.4%),4 (30.8%),3 (23.1%)
228,🌴(palm tree),13,5 (38.5%),0 (0.0%),2 (15.4%),0 (0.0%)
229,👽(alien),13,0 (0.0%),0 (0.0%),5 (38.5%),0 (0.0%)
230,👿(angry face with horns),13,5 (38.5%),1 (7.7%),3 (23.1%),1 (7.7%)
231,🤢(nauseated face),13,4 (30.8%),2 (15.4%),0 (0.0%),3 (23.1%)
232,‼(double exclamation mark),13,0 (0.0%),0 (0.0%),3 (23.1%),4 (30.8%)
233,🧡(orange heart),13,2 (15.4%),1 (7.7%),5 (38.5%),1 (7.7%)
234,🙁(slightly frowning),13,2 (15.4%),2 (15.4%),6 (46.2%),1 (7.7%)
235,🤐(zipper mouth face),13,0 (0.0%),4 (30.8%),2 (15.4%),4 (30.8%)
236,🍆(aubergine),12,5 (41.7%),2 (16.7%),0 (0.0%),0 (0.0%)
237,👸(princess),12,0 (0.0%),0 (0.0%),9 (75.0%),1 (8.3%)
238,⚪(medium white circle),12,2 (16.7%),1 (8.3%),4 (33.3%),0 (0.0%)
239,🗣(speaking head in silhouette),12,3 (25.0%),0 (0.0%),4 (33.3%),1 (8.3%)
240,🏃(person running),12,3 (25.0%),1 (8.3%),2 (16.7%),1 (8.3%)
241,🙏🏻(🙏🏻),12,3 (25.0%),1 (8.3%),6 (50.0%),0 (0.0%)
242,👐(open hands),12,2 (16.7%),0 (0.0%),2 (16.7%),6 (50.0%)
243,🎬(clapper board),12,2 (16.7%),1 (8.3%),1 (8.3%),1 (8.3%)
244,🤭(face with hand over mouth),12,5 (41.7%),1 (8.3%),0 (0.0%),2 (16.7%)
245,🚴(person biking),12,4 (33.3%),6 (50.0%),0 (0.0%),0 (0.0%)
246,🌺(hibiscus),12,0 (0.0%),0 (0.0%),6 (50.0%),1 (8.3%)
247,💡(light bulb),11,4 (36.4%),0 (0.0%),4 (36.4%),1 (9.1%)
248,👨(man),11,2 (18.2%),0 (0.0%),4 (36.4%),1 (9.1%)
249,☝️(☝️),11,2 (18.2%),0 (0.0%),1 (9.1%),2 (18.2%)
250,🚮(put litter in its place symbol),11,3 (27.3%),0 (0.0%),2 (18.2%),3 (27.3%)
251,🍺(beer mug),11,4 (36.4%),3 (27.3%),0 (0.0%),0 (0.0%)
252,☀(sun),11,3 (27.3%),0 (0.0%),7 (63.6%),0 (0.0%)
253,✈(airplane),11,0 (0.0%),0 (0.0%),4 (36.4%),1 (9.1%)
254,😸(grinning cat),11,2 (18.2%),0 (0.0%),2 (18.2%),1 (9.1%)
255,🎓(graduation cap),11,1 (9.1%),0 (0.0%),6 (54.5%),0 (0.0%)
256,👶(baby),10,3 (30.0%),0 (0.0%),2 (20.0%),1 (10.0%)
257,🇬🇧(🇬🇧),10,0 (0.0%),0 (0.0%),6 (60.0%),1 (10.0%)
258,👣(footprints),10,3 (30.0%),2 (20.0%),2 (20.0%),1 (10.0%)
259,✈️(✈️),10,4 (40.0%),1 (10.0%),5 (50.0%),0 (0.0%)
260,✌🏼(✌🏼),10,3 (30.0%),2 (20.0%),1 (10.0%),0 (0.0%)
261,📚(books),10,0 (0.0%),2 (20.0%),4 (40.0%),1 (10.0%)
262,✌🏻(✌🏻),10,5 (50.0%),0 (0.0%),0 (0.0%),0 (0.0%)
263,🐱(cat face),10,2 (20.0%),0 (0.0%),1 (10.0%),1 (10.0%)
264,🍰(shortcake),10,3 (30.0%),1 (10.0%),2 (20.0%),0 (0.0%)
265,😗(kissing),10,2 (20.0%),0 (0.0%),5 (50.0%),0 (0.0%)
266,👹(japanese ogre),10,1 (10.0%),0 (0.0%),4 (40.0%),0 (0.0%)
267,🕊(dove of peace),10,0 (0.0%),0 (0.0%),7 (70.0%),0 (0.0%)
268,🤮(vomiting face),10,5 (50.0%),0 (0.0%),0 (0.0%),1 (10.0%)
269,👔(necktie),10,0 (0.0%),0 (0.0%),3 (30.0%),0 (0.0%)
270,🤠(cowboy hat),10,3 (30.0%),0 (0.0%),2 (20.0%),0 (0.0%)
271,🍁(maple leaf),10,5 (50.0%),0 (0.0%),1 (10.0%),0 (0.0%)
272,💣(bomb),9,1 (11.1%),0 (0.0%),0 (0.0%),0 (0.0%)
273,👬(men holding hands),9,0 (0.0%),1 (11.1%),4 (44.4%),0 (0.0%)
274,☃(snowman),9,1 (11.1%),2 (22.2%),5 (55.6%),0 (0.0%)
275,💑(couple with heart),9,1 (11.1%),2 (22.2%),4 (44.4%),0 (0.0%)
276,🤤(drooling face),9,0 (0.0%),0 (0.0%),3 (33.3%),0 (0.0%)
277,❓(black question mark ornament),9,2 (22.2%),0 (0.0%),1 (11.1%),1 (11.1%)
278,🎨(artist palette),9,2 (22.2%),0 (0.0%),4 (44.4%),0 (0.0%)
279,🍑(peach),9,1 (11.1%),1 (11.1%),1 (11.1%),0 (0.0%)
280,🍸(cocktail glass),9,0 (0.0%),2 (22.2%),5 (55.6%),0 (0.0%)
281,💎(gem stone),9,2 (22.2%),0 (0.0%),4 (44.4%),0 (0.0%)
282,🚗(automobile),9,0 (0.0%),0 (0.0%),3 (33.3%),1 (11.1%)
283,🐻(bear face),9,2 (22.2%),1 (11.1%),2 (22.2%),1 (11.1%)
284,🍋(lemon),9,0 (0.0%),0 (0.0%),0 (0.0%),1 (11.1%)
285,🦃(turkey),9,4 (44.4%),0 (0.0%),3 (33.3%),0 (0.0%)
286,🙏🏼(🙏🏼),9,4 (44.4%),0 (0.0%),1 (11.1%),0 (0.0%)
287,📖(open book),9,2 (22.2%),0 (0.0%),0 (0.0%),2 (22.2%)
288,✌🏽(✌🏽),8,3 (37.5%),1 (12.5%),1 (12.5%),0 (0.0%)
289,👇🏻(👇🏻),8,4 (50.0%),2 (25.0%),1 (12.5%),0 (0.0%)
290,🍟(french fries),8,2 (25.0%),0 (0.0%),4 (50.0%),0 (0.0%)
291,🥵(hot face),8,0 (0.0%),0 (0.0%),1 (12.5%),2 (25.0%)
292,🛰(satellite),8,1 (12.5%),0 (0.0%),6 (75.0%),0 (0.0%)
293,💧(droplet),8,4 (50.0%),0 (0.0%),1 (12.5%),0 (0.0%)
294,📹(video camera),8,1 (12.5%),1 (12.5%),0 (0.0%),4 (50.0%)
295,🙆(person gesturing ok),8,0 (0.0%),0 (0.0%),6 (75.0%),0 (0.0%)
296,📸(camera with flash),8,2 (25.0%),0 (0.0%),0 (0.0%),0 (0.0%)
297,🏡(house with garden),8,1 (12.5%),0 (0.0%),4 (50.0%),0 (0.0%)
298,🎇(sparkler),8,1 (12.5%),1 (12.5%),4 (50.0%),1 (12.5%)
299,🎭(performing arts),8,2 (25.0%),0 (0.0%),5 (62.5%),0 (0.0%)
300,👊🏻(👊🏻),8,3 (37.5%),0 (0.0%),0 (0.0%),0 (0.0%)
301,🤕(face with head bandage),8,0 (0.0%),1 (12.5%),3 (37.5%),3 (37.5%)
302,🤞(crossed fingers),8,1 (12.5%),0 (0.0%),2 (25.0%),1 (12.5%)
303,👧(girl),8,2 (25.0%),1 (12.5%),2 (25.0%),1 (12.5%)
304,🚂(steam locomotive),8,1 (12.5%),3 (37.5%),3 (37.5%),0 (0.0%)
305,🍩(doughnut),8,3 (37.5%),0 (0.0%),3 (37.5%),0 (0.0%)
306,🙋🏻(🙋🏻),8,3 (37.5%),1 (12.5%),0 (0.0%),0 (0.0%)
307,🌵(cactus),8,2 (25.0%),0 (0.0%),0 (0.0%),2 (25.0%)
308,🌲(evergreen tree),8,0 (0.0%),0 (0.0%),4 (50.0%),0 (0.0%)
309,🌼(blossom),8,2 (25.0%),0 (0.0%),3 (37.5%),0 (0.0%)
310,💅(nail polish),8,2 (25.0%),0 (0.0%),4 (50.0%),1 (12.5%)
311,🍴(fork and knife),8,1 (12.5%),0 (0.0%),6 (75.0%),0 (0.0%)
312,🔪(kitchen knife),8,0 (0.0%),1 (12.5%),1 (12.5%),0 (0.0%)
313,🏴(waving black flag),8,0 (0.0%),0 (0.0%),6 (75.0%),0 (0.0%)
314,😦(frowning open mouth),8,1 (12.5%),0 (0.0%),0 (0.0%),0 (0.0%)
315,🍎(red apple),8,1 (12.5%),2 (25.0%),0 (0.0%),1 (12.5%)
316,🐔(chicken),7,3 (42.9%),1 (14.3%),0 (0.0%),2 (28.6%)
317,🤧(sneezing face),7,0 (0.0%),1 (14.3%),4 (57.1%),1 (14.3%)
318,🙅(person gesturing no),7,0 (0.0%),2 (28.6%),1 (14.3%),2 (28.6%)
319,©(copyright sign),7,0 (0.0%),0 (0.0%),3 (42.9%),2 (28.6%)
320,💪🏻(💪🏻),7,0 (0.0%),1 (14.3%),2 (28.6%),0 (0.0%)
321,❄(snowflake),7,0 (0.0%),0 (0.0%),3 (42.9%),2 (28.6%)
322,🎧(headphone),7,1 (14.3%),1 (14.3%),0 (0.0%),1 (14.3%)
323,💘(heart with arrow),7,1 (14.3%),1 (14.3%),2 (28.6%),1 (14.3%)
324,💁🏻(💁🏻),7,1 (14.3%),2 (28.6%),0 (0.0%),0 (0.0%)
325,👎🏼(👎🏼),7,2 (28.6%),2 (28.6%),0 (0.0%),2 (28.6%)
326,☠(skull and crossbones),7,3 (42.9%),0 (0.0%),0 (0.0%),1 (14.3%)
327,🙋🏼(🙋🏼),7,1 (14.3%),0 (0.0%),2 (28.6%),0 (0.0%)
328,💄(lipstick),7,1 (14.3%),0 (0.0%),4 (57.1%),1 (14.3%)
329,🌙(crescent moon),7,3 (42.9%),0 (0.0%),1 (14.3%),0 (0.0%)
330,👍🏽(👍🏽),7,5 (71.4%),0 (0.0%),1 (14.3%),0 (0.0%)
331,☝(index pointing up),7,0 (0.0%),1 (14.3%),2 (28.6%),2 (28.6%)
332,🔵(blue circle),7,2 (28.6%),0 (0.0%),1 (14.3%),0 (0.0%)
333,👄(mouth),7,1 (14.3%),2 (28.6%),2 (28.6%),1 (14.3%)
334,🐾(paw prints),7,3 (42.9%),0 (0.0%),1 (14.3%),0 (0.0%)
335,🐸(frog face),7,0 (0.0%),1 (14.3%),0 (0.0%),2 (28.6%)
336,🎆(fireworks),7,0 (0.0%),2 (28.6%),3 (42.9%),0 (0.0%)
337,🕷(spider),7,4 (57.1%),0 (0.0%),1 (14.3%),0 (0.0%)
338,➡(black rightwards arrow),7,1 (14.3%),0 (0.0%),2 (28.6%),2 (28.6%)
339,👌🏾(👌🏾),7,1 (14.3%),2 (28.6%),1 (14.3%),0 (0.0%)
340,👠(high-heeled shoe),7,1 (14.3%),1 (14.3%),2 (28.6%),2 (28.6%)
341,👌🏽(👌🏽),7,3 (42.9%),0 (0.0%),2 (28.6%),0 (0.0%)
342,🎮(video game),7,2 (28.6%),0 (0.0%),3 (42.9%),0 (0.0%)
343,🌝(full moon with),7,0 (0.0%),0 (0.0%),4 (57.1%),1 (14.3%)
344,🎸(guitar),7,1 (14.3%),0 (0.0%),4 (57.1%),1 (14.3%)
345,💉(syringe),7,1 (14.3%),3 (42.9%),1 (14.3%),0 (0.0%)
346,✝(latin cross),7,1 (14.3%),0 (0.0%),3 (42.9%),0 (0.0%)
347,💳(credit card),7,1 (14.3%),1 (14.3%),2 (28.6%),0 (0.0%)
348,🚶(person walking),6,2 (33.3%),2 (33.3%),2 (33.3%),0 (0.0%)
349,🙏🏽(🙏🏽),6,0 (0.0%),0 (0.0%),3 (50.0%),2 (33.3%)
350,💁🏽(💁🏽),6,4 (66.7%),0 (0.0%),0 (0.0%),0 (0.0%)
351,🐘(elephant),6,3 (50.0%),1 (16.7%),0 (0.0%),0 (0.0%)
352,🐺(wolf),6,3 (50.0%),1 (16.7%),1 (16.7%),1 (16.7%)
353,🔮(crystal ball),6,0 (0.0%),0 (0.0%),2 (33.3%),0 (0.0%)
354,🐈(cat),6,0 (0.0%),0 (0.0%),1 (16.7%),0 (0.0%)
355,🔬(microscope),6,2 (33.3%),0 (0.0%),2 (33.3%),0 (0.0%)
356,🌌(milky way),6,0 (0.0%),0 (0.0%),1 (16.7%),1 (16.7%)
357,👦(boy),6,1 (16.7%),0 (0.0%),4 (66.7%),0 (0.0%)
358,👮(police officer),6,2 (33.3%),0 (0.0%),0 (0.0%),1 (16.7%)
359,👇🏽(👇🏽),6,1 (16.7%),0 (0.0%),0 (0.0%),0 (0.0%)
360,🍂(fallen leaf),6,0 (0.0%),0 (0.0%),2 (33.3%),0 (0.0%)
361,🍔(hamburger),6,1 (16.7%),0 (0.0%),1 (16.7%),0 (0.0%)
362,🍍(pineapple),6,0 (0.0%),1 (16.7%),3 (50.0%),0 (0.0%)
363,🙌🏾(🙌🏾),6,0 (0.0%),1 (16.7%),1 (16.7%),0 (0.0%)
364,🚔(oncoming police car),6,3 (50.0%),2 (33.3%),1 (16.7%),0 (0.0%)
365,🐠(tropical fish),6,1 (16.7%),0 (0.0%),1 (16.7%),1 (16.7%)
366,👋🏻(👋🏻),6,1 (16.7%),0 (0.0%),4 (66.7%),0 (0.0%)
367,🎣(fishing pole and fish),6,1 (16.7%),1 (16.7%),0 (0.0%),0 (0.0%)
368,🎹(musical keyboard),6,1 (16.7%),1 (16.7%),2 (33.3%),0 (0.0%)
369,🍿(popcorn),6,1 (16.7%),0 (0.0%),1 (16.7%),1 (16.7%)
370,🌠(shooting star),6,1 (16.7%),0 (0.0%),2 (33.3%),0 (0.0%)
371,🤘🏻(🤘🏻),6,1 (16.7%),0 (0.0%),0 (0.0%),0 (0.0%)
372,💟(heart decoration),6,1 (16.7%),0 (0.0%),3 (50.0%),0 (0.0%)
373,💵(dollar banknote),6,1 (16.7%),0 (0.0%),2 (33.3%),0 (0.0%)
374,💐(bouquet),6,0 (0.0%),0 (0.0%),4 (66.7%),0 (0.0%)
375,💭(thought balloon),6,0 (0.0%),1 (16.7%),3 (50.0%),0 (0.0%)
376,😺(smiling cat),6,0 (0.0%),0 (0.0%),2 (33.3%),0 (0.0%)
377,😿(crying cat),6,0 (0.0%),0 (0.0%),0 (0.0%),3 (50.0%)
378,🙇(person bowing),6,0 (0.0%),0 (0.0%),0 (0.0%),1 (16.7%)
379,⏳(hourglass with flowing sand),5,0 (0.0%),0 (0.0%),1 (20.0%),2 (40.0%)
380,🎾(tennis racquet and ball),5,0 (0.0%),0 (0.0%),2 (40.0%),0 (0.0%)
381,🏀(basketball and hoop),5,2 (40.0%),0 (0.0%),0 (0.0%),0 (0.0%)
382,⛪(church),5,0 (0.0%),0 (0.0%),1 (20.0%),0 (0.0%)
383,🦋(butterfly),5,0 (0.0%),0 (0.0%),4 (80.0%),1 (20.0%)
384,🐛(bug),5,1 (20.0%),0 (0.0%),0 (0.0%),1 (20.0%)
385,🍦(soft ice cream),5,2 (40.0%),0 (0.0%),2 (40.0%),0 (0.0%)
386,☃️(☃️),5,0 (0.0%),2 (40.0%),0 (0.0%),0 (0.0%)
387,📞(telephone receiver),5,0 (0.0%),0 (0.0%),1 (20.0%),1 (20.0%)
388,🤥(lying face),5,1 (20.0%),2 (40.0%),0 (0.0%),0 (0.0%)
389,🇮🇳(🇮🇳),5,3 (60.0%),0 (0.0%),0 (0.0%),0 (0.0%)
390,🍫(chocolate bar),5,1 (20.0%),0 (0.0%),2 (40.0%),1 (20.0%)
391,💨(dash symbol),5,1 (20.0%),0 (0.0%),0 (0.0%),1 (20.0%)
392,😼(cat with wry smile),5,0 (0.0%),3 (60.0%),1 (20.0%),0 (0.0%)
393,💁🏼(💁🏼),5,2 (40.0%),1 (20.0%),0 (0.0%),0 (0.0%)
394,📝(memo),5,0 (0.0%),0 (0.0%),2 (40.0%),0 (0.0%)
395,💪🏽(💪🏽),5,2 (40.0%),0 (0.0%),0 (0.0%),0 (0.0%)
396,🌷(tulip),5,0 (0.0%),0 (0.0%),5 (100.0%),0 (0.0%)
397,💪🏼(💪🏼),5,1 (20.0%),1 (20.0%),1 (20.0%),0 (0.0%)
398,💌(love letter),5,0 (0.0%),0 (0.0%),4 (80.0%),0 (0.0%)
399,🌄(sunrise over mountains),5,1 (20.0%),1 (20.0%),0 (0.0%),0 (0.0%)
400,😾(pouting cat),5,2 (40.0%),1 (20.0%),0 (0.0%),0 (0.0%)
401,🔋(battery),5,0 (0.0%),0 (0.0%),1 (20.0%),0 (0.0%)
402,🦎(lizard),5,3 (60.0%),0 (0.0%),0 (0.0%),0 (0.0%)
403,☠️(☠️),5,2 (40.0%),0 (0.0%),0 (0.0%),0 (0.0%)
404,🍝(spaghetti),5,1 (20.0%),0 (0.0%),2 (40.0%),1 (20.0%)
405,🐯(tiger face),5,0 (0.0%),0 (0.0%),3 (60.0%),0 (0.0%)
406,⚜️(⚜️),5,1 (20.0%),1 (20.0%),0 (0.0%),0 (0.0%)
407,🕺(man dancing),5,4 (80.0%),0 (0.0%),0 (0.0%),0 (0.0%)
408,🔊(speaker with three sound waves),5,0 (0.0%),2 (40.0%),2 (40.0%),0 (0.0%)
409,👗(dress),5,1 (20.0%),0 (0.0%),3 (60.0%),0 (0.0%)
410,🍓(strawberry),5,1 (20.0%),0 (0.0%),2 (40.0%),0 (0.0%)
411,🍊(tangerine),5,1 (20.0%),1 (20.0%),2 (40.0%),1 (20.0%)
412,🚲(bicycle),5,0 (0.0%),2 (40.0%),1 (20.0%),0 (0.0%)
413,🍵(teacup without handle),5,1 (20.0%),0 (0.0%),2 (40.0%),0 (0.0%)
414,🍹(tropical drink),5,0 (0.0%),0 (0.0%),1 (20.0%),0 (0.0%)
415,👓(eyeglasses),5,2 (40.0%),0 (0.0%),0 (0.0%),0 (0.0%)
416,🍇(grapes),5,0 (0.0%),0 (0.0%),4 (80.0%),0 (0.0%)
417,🤙(call me hand),5,1 (20.0%),1 (20.0%),0 (0.0%),0 (0.0%)
418,🍬(candy),5,0 (0.0%),0 (0.0%),0 (0.0%),0 (0.0%)
419,🚬(smoking symbol),5,2 (40.0%),0 (0.0%),1 (20.0%),0 (0.0%)
420,🗽(statue of liberty),5,0 (0.0%),1 (20.0%),1 (20.0%),0 (0.0%)
421,🐀(rat),5,0 (0.0%),0 (0.0%),2 (40.0%),0 (0.0%)
422,🎅🏻(🎅🏻),5,1 (20.0%),1 (20.0%),2 (40.0%),0 (0.0%)
423,🌿(herb),5,0 (0.0%),2 (40.0%),1 (20.0%),0 (0.0%)
424,🥊(boxing glove),4,0 (0.0%),0 (0.0%),0 (0.0%),0 (0.0%)
425,👾(alien monster),4,0 (0.0%),1 (25.0%),1 (25.0%),0 (0.0%)
426,👺(japanese goblin),4,1 (25.0%),1 (25.0%),0 (0.0%),0 (0.0%)
427,🌃(night with stars),4,0 (0.0%),0 (0.0%),3 (75.0%),1 (25.0%)
428,✏️(✏️),4,1 (25.0%),0 (0.0%),0 (0.0%),0 (0.0%)
429,🚙(sport utility vehicle),4,0 (0.0%),0 (0.0%),2 (50.0%),1 (25.0%)
430,🌏(globe showing asia-australia),4,0 (0.0%),0 (0.0%),3 (75.0%),0 (0.0%)
431,🌀(cyclone),4,0 (0.0%),0 (0.0%),1 (25.0%),0 (0.0%)
432,💒(wedding),4,0 (0.0%),0 (0.0%),1 (25.0%),0 (0.0%)
433,🌅(sunrise),4,1 (25.0%),0 (0.0%),1 (25.0%),0 (0.0%)
434,🤘🏼(🤘🏼),4,0 (0.0%),1 (25.0%),3 (75.0%),0 (0.0%)
435,❕(white exclamation mark ornament),4,0 (0.0%),0 (0.0%),0 (0.0%),1 (25.0%)
436,➡️(➡️),4,1 (25.0%),0 (0.0%),1 (25.0%),1 (25.0%)
437,🆒(squared cool),4,0 (0.0%),2 (50.0%),0 (0.0%),1 (25.0%)
438,🇨🇦(🇨🇦),4,0 (0.0%),1 (25.0%),3 (75.0%),0 (0.0%)
439,🌂(closed umbrella),4,1 (25.0%),0 (0.0%),0 (0.0%),1 (25.0%)
440,🌚(new moon with),4,2 (50.0%),0 (0.0%),0 (0.0%),0 (0.0%)
441,🐂(ox),4,1 (25.0%),1 (25.0%),1 (25.0%),0 (0.0%)
442,😽(kissing cat),4,0 (0.0%),0 (0.0%),2 (50.0%),1 (25.0%)
443,🙏🏾(🙏🏾),4,1 (25.0%),0 (0.0%),1 (25.0%),1 (25.0%)
444,🇫🇷(🇫🇷),4,0 (0.0%),0 (0.0%),2 (50.0%),0 (0.0%)
445,2️⃣(2️⃣),4,1 (25.0%),0 (0.0%),1 (25.0%),1 (25.0%)
446,💬(speech balloon),4,0 (0.0%),0 (0.0%),0 (0.0%),0 (0.0%)
447,1️⃣(1️⃣),4,1 (25.0%),1 (25.0%),1 (25.0%),0 (0.0%)
448,🇪🇸(🇪🇸),4,0 (0.0%),0 (0.0%),1 (25.0%),0 (0.0%)
449,🥶(cold face),4,1 (25.0%),0 (0.0%),0 (0.0%),0 (0.0%)
450,🖖(raised hand with part between middle and ring fingers),4,0 (0.0%),0 (0.0%),1 (25.0%),2 (50.0%)
451,🐝(honeybee),4,1 (25.0%),0 (0.0%),3 (75.0%),0 (0.0%)
452,🏏(cricket bat and ball),4,1 (25.0%),0 (0.0%),1 (25.0%),0 (0.0%)
453,🐣(hatching chick),4,1 (25.0%),1 (25.0%),1 (25.0%),1 (25.0%)
454,🤒(face with thermometer),4,0 (0.0%),0 (0.0%),4 (100.0%),0 (0.0%)
455,🏠(house),4,1 (25.0%),0 (0.0%),3 (75.0%),0 (0.0%)
456,🎯(direct hit),4,0 (0.0%),1 (25.0%),1 (25.0%),0 (0.0%)
457,👇🏼(👇🏼),4,0 (0.0%),1 (25.0%),0 (0.0%),0 (0.0%)
458,👍🏾(👍🏾),4,3 (75.0%),1 (25.0%),0 (0.0%),0 (0.0%)
459,🌨(cloud with snow),4,1 (25.0%),2 (50.0%),1 (25.0%),0 (0.0%)
460,⭕(heavy large circle),4,1 (25.0%),1 (25.0%),1 (25.0%),0 (0.0%)
461,🅿️(🅿️),4,1 (25.0%),0 (0.0%),2 (50.0%),1 (25.0%)
462,🖼(frame with picture),4,1 (25.0%),0 (0.0%),3 (75.0%),0 (0.0%)
463,🚘(oncoming automobile),4,1 (25.0%),0 (0.0%),2 (50.0%),0 (0.0%)
464,🍌(banana),4,1 (25.0%),0 (0.0%),2 (50.0%),0 (0.0%)
465,🚦(vertical traffic light),4,0 (0.0%),0 (0.0%),1 (25.0%),0 (0.0%)
466,👕(t-shirt),4,2 (50.0%),0 (0.0%),0 (0.0%),0 (0.0%)
467,🐟(fish),4,0 (0.0%),0 (0.0%),3 (75.0%),0 (0.0%)
468,👭(women holding hands),4,0 (0.0%),0 (0.0%),2 (50.0%),0 (0.0%)
469,🍒(cherries),4,1 (25.0%),0 (0.0%),1 (25.0%),0 (0.0%)
470,👩🏽(👩🏽),4,2 (50.0%),0 (0.0%),2 (50.0%),0 (0.0%)
471,👟(athletic shoe),4,0 (0.0%),0 (0.0%),0 (0.0%),1 (25.0%)
472,🌧(cloud with rain),4,0 (0.0%),1 (25.0%),0 (0.0%),0 (0.0%)
473,🔐(closed lock with key),4,0 (0.0%),0 (0.0%),2 (50.0%),1 (25.0%)
474,🐳(spouting whale),4,0 (0.0%),0 (0.0%),1 (25.0%),0 (0.0%)
475,🐬(dolphin),4,1 (25.0%),2 (50.0%),1 (25.0%),0 (0.0%)
476,👏🏾(👏🏾),4,2 (50.0%),1 (25.0%),0 (0.0%),0 (0.0%)
477,🐥(front-facing baby chick),4,0 (0.0%),1 (25.0%),2 (50.0%),1 (25.0%)
478,👪(family),4,1 (25.0%),0 (0.0%),2 (50.0%),0 (0.0%)
479,🔔(bell),4,0 (0.0%),1 (25.0%),1 (25.0%),0 (0.0%)
480,🔗(link symbol),4,2 (50.0%),2 (50.0%),0 (0.0%),0 (0.0%)
481,✊🏻(✊🏻),4,0 (0.0%),0 (0.0%),0 (0.0%),2 (50.0%)
482,🗿(moai),4,0 (0.0%),0 (0.0%),2 (50.0%),0 (0.0%)
483,☮️(☮️),4,2 (50.0%),1 (25.0%),0 (0.0%),0 (0.0%)
484,⚫(medium black circle),4,0 (0.0%),0 (0.0%),2 (50.0%),0 (0.0%)
485,⛽(fuel pump),4,0 (0.0%),0 (0.0%),2 (50.0%),0 (0.0%)
486,✂️(✂️),4,0 (0.0%),0 (0.0%),0 (0.0%),0 (0.0%)
487,⚠️(⚠️),4,0 (0.0%),0 (0.0%),2 (50.0%),0 (0.0%)
488,☘️(☘️),4,0 (0.0%),0 (0.0%),4 (100.0%),0 (0.0%)
489,🧀(cheese wedge),3,0 (0.0%),0 (0.0%),2 (66.7%),0 (0.0%)
490,🤦🏾(🤦🏾),3,0 (0.0%),0 (0.0%),0 (0.0%),2 (66.7%)
491,✋🏼(✋🏼),3,0 (0.0%),0 (0.0%),2 (66.7%),0 (0.0%)
492,🔷(large blue diamond),3,0 (0.0%),0 (0.0%),2 (66.7%),0 (0.0%)
493,🥓(bacon),3,1 (33.3%),0 (0.0%),0 (0.0%),0 (0.0%)
494,✍(writing hand),3,0 (0.0%),0 (0.0%),2 (66.7%),1 (33.3%)
495,🏖(beach with umbrella),3,0 (0.0%),0 (0.0%),0 (0.0%),1 (33.3%)
496,👂(ear),3,0 (0.0%),0 (0.0%),1 (33.3%),0 (0.0%)
497,🐷(pig),3,0 (0.0%),0 (0.0%),1 (33.3%),1 (33.3%)
498,🔉(speaker with one sound wave),3,3 (100.0%),0 (0.0%),0 (0.0%),0 (0.0%)
499,🔱(trident emblem),3,1 (33.3%),0 (0.0%),0 (0.0%),0 (0.0%)
500,👵(old woman),3,1 (33.3%),0 (0.0%),1 (33.3%),0 (0.0%)
501,👯(woman with bunny ears),3,2 (66.7%),0 (0.0%),0 (0.0%),1 (33.3%)
502,🍥(fish cake with swirl design),3,0 (0.0%),0 (0.0%),2 (66.7%),0 (0.0%)
503,🌭(hot dog),3,0 (0.0%),0 (0.0%),2 (66.7%),1 (33.3%)
504,👈🏽(👈🏽),3,1 (33.3%),2 (66.7%),0 (0.0%),0 (0.0%)
505,👊🏽(👊🏽),3,3 (100.0%),0 (0.0%),0 (0.0%),0 (0.0%)
506,💃🏽(💃🏽),3,1 (33.3%),0 (0.0%),0 (0.0%),0 (0.0%)
507,💃🏼(💃🏼),3,1 (33.3%),0 (0.0%),2 (66.7%),0 (0.0%)
508,🤝(handshake),3,1 (33.3%),0 (0.0%),1 (33.3%),1 (33.3%)
509,🛌(sleeping accommodation),3,0 (0.0%),2 (66.7%),0 (0.0%),0 (0.0%)
510,🚺(womens symbol),3,0 (0.0%),0 (0.0%),3 (100.0%),0 (0.0%)
511,👳(man with turban),3,1 (33.3%),0 (0.0%),1 (33.3%),0 (0.0%)
512,🌐(globe with meridians),3,0 (0.0%),0 (0.0%),0 (0.0%),3 (100.0%)
513,👎🏻(👎🏻),3,2 (66.7%),0 (0.0%),0 (0.0%),0 (0.0%)
514,🌬(wind blowing),3,0 (0.0%),0 (0.0%),2 (66.7%),0 (0.0%)
515,🤙🏻(🤙🏻),3,0 (0.0%),0 (0.0%),1 (33.3%),0 (0.0%)
516,👙(bikini),3,0 (0.0%),0 (0.0%),2 (66.7%),0 (0.0%)
517,▶(black right-pointing triangle),3,0 (0.0%),0 (0.0%),2 (66.7%),0 (0.0%)
518,👃(nose),3,1 (33.3%),0 (0.0%),0 (0.0%),1 (33.3%)
519,🐕(dog),3,1 (33.3%),0 (0.0%),1 (33.3%),1 (33.3%)
520,👊🏼(👊🏼),3,0 (0.0%),0 (0.0%),0 (0.0%),1 (33.3%)
521,🎙(studio microphone),3,0 (0.0%),1 (33.3%),2 (66.7%),0 (0.0%)
522,🐒(monkey),3,1 (33.3%),0 (0.0%),1 (33.3%),0 (0.0%)
523,🏐(volleyball),3,1 (33.3%),0 (0.0%),1 (33.3%),1 (33.3%)
524,🐐(goat),3,1 (33.3%),1 (33.3%),0 (0.0%),0 (0.0%)
525,🖕🏼(🖕🏼),3,2 (66.7%),0 (0.0%),0 (0.0%),0 (0.0%)
526,🤘🏽(🤘🏽),3,0 (0.0%),1 (33.3%),0 (0.0%),0 (0.0%)
527,🛫(airplane departure),3,0 (0.0%),0 (0.0%),1 (33.3%),0 (0.0%)
528,➖(heavy minus sign),3,0 (0.0%),0 (0.0%),0 (0.0%),0 (0.0%)
529,🤶(mother christmas),3,0 (0.0%),0 (0.0%),1 (33.3%),0 (0.0%)
530,🗡(dagger),3,0 (0.0%),0 (0.0%),1 (33.3%),2 (66.7%)
531,🙎(person with pouting),3,1 (33.3%),0 (0.0%),0 (0.0%),0 (0.0%)
532,🐇(rabbit),3,1 (33.3%),0 (0.0%),0 (0.0%),2 (66.7%)
533,🍨(ice cream),3,0 (0.0%),0 (0.0%),1 (33.3%),0 (0.0%)
534,🙅🏻(🙅🏻),3,0 (0.0%),0 (0.0%),1 (33.3%),0 (0.0%)
535,🐜(ant),3,0 (0.0%),0 (0.0%),0 (0.0%),0 (0.0%)
536,📲(mobile phone with rightwards arrow at left),3,0 (0.0%),0 (0.0%),0 (0.0%),0 (0.0%)
537,📮(postbox),3,0 (0.0%),0 (0.0%),0 (0.0%),0 (0.0%)
538,🦁(lion face),3,0 (0.0%),1 (33.3%),2 (66.7%),0 (0.0%)
539,✝️(✝️),3,1 (33.3%),0 (0.0%),0 (0.0%),0 (0.0%)
540,🆘(squared sos),3,2 (66.7%),0 (0.0%),0 (0.0%),0 (0.0%)
541,👶🏼(👶🏼),3,1 (33.3%),0 (0.0%),0 (0.0%),0 (0.0%)
542,👸🏼(👸🏼),3,0 (0.0%),0 (0.0%),0 (0.0%),0 (0.0%)
543,📥(inbox tray),3,2 (66.7%),0 (0.0%),1 (33.3%),0 (0.0%)
544,📤(outbox tray),3,2 (66.7%),0 (0.0%),0 (0.0%),0 (0.0%)
545,💆(person getting massage),3,0 (0.0%),0 (0.0%),1 (33.3%),2 (66.7%)
546,💲(heavy dollar sign),3,0 (0.0%),0 (0.0%),3 (100.0%),0 (0.0%)
547,🤫(shushing face),3,1 (33.3%),1 (33.3%),0 (0.0%),0 (0.0%)
548,❎(negative squared cross mark),3,1 (33.3%),0 (0.0%),1 (33.3%),0 (0.0%)
549,🥅(goal net),3,1 (33.3%),0 (0.0%),2 (66.7%),0 (0.0%)
550,🥇(first place medal),3,0 (0.0%),0 (0.0%),2 (66.7%),0 (0.0%)
551,🔞(no one under eighteen symbol),3,0 (0.0%),0 (0.0%),2 (66.7%),0 (0.0%)
552,🔨(hammer),3,1 (33.3%),1 (33.3%),1 (33.3%),0 (0.0%)
553,🦈(shark),3,0 (0.0%),0 (0.0%),3 (100.0%),0 (0.0%)
554,☝🏻(☝🏻),3,0 (0.0%),2 (66.7%),0 (0.0%),0 (0.0%)
555,☁️(☁️),3,1 (33.3%),0 (0.0%),2 (66.7%),0 (0.0%)
556,☁(cloud),3,1 (33.3%),0 (0.0%),0 (0.0%),0 (0.0%)
557,⬆️(⬆️),3,1 (33.3%),0 (0.0%),2 (66.7%),0 (0.0%)
558,⬆(upwards black arrow),3,0 (0.0%),1 (33.3%),0 (0.0%),1 (33.3%)
559,🍭(lollipop),3,0 (0.0%),1 (33.3%),1 (33.3%),0 (0.0%)
560,🍽(fork and knife with plate),3,2 (66.7%),0 (0.0%),1 (33.3%),0 (0.0%)
561,🌳(deciduous tree),3,0 (0.0%),1 (33.3%),2 (66.7%),0 (0.0%)
562,🌽(ear of maize),3,0 (0.0%),0 (0.0%),1 (33.3%),0 (0.0%)
563,🏳️(🏳️),2,0 (0.0%),0 (0.0%),0 (0.0%),0 (0.0%)
564,🏦(bank),2,0 (0.0%),0 (0.0%),0 (0.0%),1 (50.0%)
565,🏄(surfer),2,0 (0.0%),1 (50.0%),0 (0.0%),0 (0.0%)
566,🏇(horse racing),2,0 (0.0%),0 (0.0%),0 (0.0%),0 (0.0%)
567,🏥(hospital),2,2 (100.0%),0 (0.0%),0 (0.0%),0 (0.0%)
568,🏁(chequered flag),2,0 (0.0%),1 (50.0%),1 (50.0%),0 (0.0%)
569,🔻(down-pointing red triangle),2,1 (50.0%),0 (0.0%),1 (50.0%),0 (0.0%)
570,🔛(on with exclamation mark with left right arrow above),2,0 (0.0%),0 (0.0%),0 (0.0%),0 (0.0%)
571,⛺(tent),2,0 (0.0%),0 (0.0%),0 (0.0%),1 (50.0%)
572,🥀(wilted flower),2,0 (0.0%),0 (0.0%),0 (0.0%),2 (100.0%)
573,🕢(clock seven-thirty),2,0 (0.0%),0 (0.0%),0 (0.0%),0 (0.0%)
574,🕹️(🕹️),2,0 (0.0%),1 (50.0%),0 (0.0%),0 (0.0%)
575,☯️(☯️),2,0 (0.0%),0 (0.0%),0 (0.0%),0 (0.0%)
576,✂(black scissors),2,0 (0.0%),0 (0.0%),0 (0.0%),0 (0.0%)
577,✏(pencil),2,1 (50.0%),0 (0.0%),0 (0.0%),0 (0.0%)
578,⚠(warning sign),2,0 (0.0%),1 (50.0%),0 (0.0%),0 (0.0%)
579,🤷🏿(🤷🏿),2,1 (50.0%),0 (0.0%),0 (0.0%),0 (0.0%)
580,🌜(last quarter moon with),2,1 (50.0%),0 (0.0%),0 (0.0%),0 (0.0%)
581,🏫(school),2,0 (0.0%),0 (0.0%),1 (50.0%),0 (0.0%)
582,🏰(castle),2,0 (0.0%),0 (0.0%),1 (50.0%),0 (0.0%)
583,⚔️(⚔️),2,1 (50.0%),0 (0.0%),0 (0.0%),0 (0.0%)
584,🖕(middle finger),2,1 (50.0%),0 (0.0%),1 (50.0%),0 (0.0%)
585,✊🏾(✊🏾),2,0 (0.0%),1 (50.0%),0 (0.0%),0 (0.0%)
586,✌🏾(✌🏾),2,0 (0.0%),0 (0.0%),0 (0.0%),1 (50.0%)
587,♈(aries),2,1 (50.0%),0 (0.0%),0 (0.0%),0 (0.0%)
588,⚖(scales),2,0 (0.0%),0 (0.0%),1 (50.0%),0 (0.0%)
589,♿(wheelchair symbol),2,0 (0.0%),0 (0.0%),1 (50.0%),0 (0.0%)
590,🧠(brain),2,2 (100.0%),0 (0.0%),0 (0.0%),0 (0.0%)
591,🤞🏼(🤞🏼),2,1 (50.0%),0 (0.0%),1 (50.0%),0 (0.0%)
592,💃🏻(💃🏻),2,2 (100.0%),0 (0.0%),0 (0.0%),0 (0.0%)
593,🤙🏼(🤙🏼),2,1 (50.0%),0 (0.0%),0 (0.0%),0 (0.0%)
594,🤞🏻(🤞🏻),2,0 (0.0%),0 (0.0%),2 (100.0%),0 (0.0%)
595,🍚(cooked rice),2,1 (50.0%),0 (0.0%),0 (0.0%),1 (50.0%)
596,🇸🇸(🇸🇸),2,1 (50.0%),0 (0.0%),0 (0.0%),0 (0.0%)
597,🚥(horizontal traffic light),2,0 (0.0%),0 (0.0%),0 (0.0%),0 (0.0%)
598,🚩(triangular flag on post),2,0 (0.0%),0 (0.0%),0 (0.0%),0 (0.0%)
599,🛎(bellhop bell),2,0 (0.0%),1 (50.0%),0 (0.0%),0 (0.0%)
600,🚽(toilet),2,0 (0.0%),0 (0.0%),1 (50.0%),0 (0.0%)
601,🌧️(🌧️),2,0 (0.0%),0 (0.0%),0 (0.0%),0 (0.0%)
602,⬇️(⬇️),2,1 (50.0%),0 (0.0%),0 (0.0%),0 (0.0%)
603,👵🏻(👵🏻),2,0 (0.0%),0 (0.0%),0 (0.0%),0 (0.0%)
604,👵🏼(👵🏼),2,0 (0.0%),0 (0.0%),0 (0.0%),1 (50.0%)
605,👍🏿(👍🏿),2,2 (100.0%),0 (0.0%),0 (0.0%),0 (0.0%)
606,🌋(volcano),2,2 (100.0%),0 (0.0%),0 (0.0%),0 (0.0%)
607,👖(jeans),2,0 (0.0%),0 (0.0%),0 (0.0%),0 (0.0%)
608,👆🏼(👆🏼),2,1 (50.0%),0 (0.0%),0 (0.0%),0 (0.0%)
609,👩🏼(👩🏼),2,1 (50.0%),0 (0.0%),0 (0.0%),1 (50.0%)
610,👩🏻(👩🏻),2,0 (0.0%),0 (0.0%),2 (100.0%),0 (0.0%)
611,🇦🇷(🇦🇷),2,0 (0.0%),0 (0.0%),0 (0.0%),0 (0.0%)
612,⬇(downwards black arrow),2,0 (0.0%),0 (0.0%),0 (0.0%),1 (50.0%)
613,🍣(sushi),2,1 (50.0%),0 (0.0%),1 (50.0%),0 (0.0%)
614,🍞(bread),2,0 (0.0%),1 (50.0%),1 (50.0%),0 (0.0%)
615,👴(old man),2,1 (50.0%),1 (50.0%),0 (0.0%),0 (0.0%)
616,🍯(honey pot),2,0 (0.0%),0 (0.0%),1 (50.0%),0 (0.0%)
617,🍖(meat on bone),2,1 (50.0%),0 (0.0%),0 (0.0%),0 (0.0%)
618,🌥(white sun behind cloud),2,0 (0.0%),0 (0.0%),0 (0.0%),0 (0.0%)
619,👰(person with veil),2,0 (0.0%),0 (0.0%),0 (0.0%),0 (0.0%)
620,👱(person with blond hair),2,2 (100.0%),0 (0.0%),0 (0.0%),0 (0.0%)
621,👎🏽(👎🏽),2,0 (0.0%),0 (0.0%),0 (0.0%),0 (0.0%)
622,👳🏾(👳🏾),2,0 (0.0%),0 (0.0%),0 (0.0%),0 (0.0%)
623,🏃🏼(🏃🏼),2,0 (0.0%),1 (50.0%),0 (0.0%),0 (0.0%)
624,🐊(crocodile),2,0 (0.0%),0 (0.0%),0 (0.0%),1 (50.0%)
625,🐗(boar),2,1 (50.0%),0 (0.0%),1 (50.0%),0 (0.0%)
626,🍼(baby bottle),2,0 (0.0%),0 (0.0%),1 (50.0%),0 (0.0%)
627,👉🏻(👉🏻),2,1 (50.0%),1 (50.0%),0 (0.0%),0 (0.0%)
628,👋🏽(👋🏽),2,1 (50.0%),0 (0.0%),0 (0.0%),0 (0.0%)
629,🐨(koala),2,1 (50.0%),0 (0.0%),1 (50.0%),0 (0.0%)
630,🍜(steaming bowl),2,1 (50.0%),0 (0.0%),0 (0.0%),0 (0.0%)
631,👉🏽(👉🏽),2,0 (0.0%),1 (50.0%),0 (0.0%),0 (0.0%)
632,🌬️(🌬️),2,1 (50.0%),0 (0.0%),0 (0.0%),0 (0.0%)
633,🎲(game die),2,0 (0.0%),0 (0.0%),0 (0.0%),0 (0.0%)
634,🎳(bowling),2,1 (50.0%),0 (0.0%),1 (50.0%),0 (0.0%)
635,👌🏿(👌🏿),2,1 (50.0%),1 (50.0%),0 (0.0%),0 (0.0%)
636,🐰(rabbit),2,0 (0.0%),1 (50.0%),0 (0.0%),0 (0.0%)
637,🌾(ear of rice),2,1 (50.0%),0 (0.0%),1 (50.0%),0 (0.0%)
638,🎢(roller coaster),2,0 (0.0%),0 (0.0%),2 (100.0%),0 (0.0%)
639,🇻🇳(🇻🇳),2,2 (100.0%),0 (0.0%),0 (0.0%),0 (0.0%)
640,🌯(burrito),2,0 (0.0%),0 (0.0%),2 (100.0%),0 (0.0%)
641,🌮(taco),2,0 (0.0%),0 (0.0%),0 (0.0%),0 (0.0%)
642,💁🏾(💁🏾),2,1 (50.0%),1 (50.0%),0 (0.0%),0 (0.0%)
643,🐑(sheep),2,0 (0.0%),0 (0.0%),1 (50.0%),0 (0.0%)
644,🍏(green apple),2,0 (0.0%),0 (0.0%),0 (0.0%),0 (0.0%)
645,🎎(japanese dolls),2,0 (0.0%),0 (0.0%),0 (0.0%),0 (0.0%)
646,🏝(desert island),2,0 (0.0%),0 (0.0%),2 (100.0%),0 (0.0%)
647,🎪(circus tent),2,1 (50.0%),0 (0.0%),0 (0.0%),0 (0.0%)
648,🎩(top hat),2,1 (50.0%),0 (0.0%),1 (50.0%),0 (0.0%)
649,🏎(racing car),2,0 (0.0%),0 (0.0%),0 (0.0%),0 (0.0%)
650,🖕🏽(🖕🏽),2,0 (0.0%),0 (0.0%),0 (0.0%),2 (100.0%)
651,🐎(horse),2,0 (0.0%),0 (0.0%),1 (50.0%),0 (0.0%)
652,🤞🏾(🤞🏾),2,0 (0.0%),0 (0.0%),0 (0.0%),0 (0.0%)
653,🤘🏾(🤘🏾),2,1 (50.0%),1 (50.0%),0 (0.0%),0 (0.0%)
654,✖(heavy multiplication x),2,0 (0.0%),0 (0.0%),0 (0.0%),1 (50.0%)
655,❣️(❣️),2,0 (0.0%),0 (0.0%),2 (100.0%),0 (0.0%)
656,✡(star of david),2,0 (0.0%),0 (0.0%),2 (100.0%),0 (0.0%)
657,🤴(prince),2,0 (0.0%),0 (0.0%),2 (100.0%),0 (0.0%)
658,🆗(squared ok),2,0 (0.0%),0 (0.0%),1 (50.0%),1 (50.0%)
659,♠(black spade suit),2,0 (0.0%),0 (0.0%),1 (50.0%),0 (0.0%)
660,🚚(delivery truck),2,0 (0.0%),0 (0.0%),0 (0.0%),0 (0.0%)
661,♊(gemini),2,1 (50.0%),0 (0.0%),0 (0.0%),0 (0.0%)
662,♏(scorpius),2,0 (0.0%),0 (0.0%),0 (0.0%),2 (100.0%)
663,👶🏽(👶🏽),2,0 (0.0%),0 (0.0%),1 (50.0%),1 (50.0%)
664,👸🏻(👸🏻),2,1 (50.0%),0 (0.0%),1 (50.0%),0 (0.0%)
665,💷(banknote with pound sign),2,1 (50.0%),0 (0.0%),0 (0.0%),0 (0.0%)
666,💈(barber pole),2,0 (0.0%),0 (0.0%),1 (50.0%),0 (0.0%)
667,💺(seat),2,0 (0.0%),0 (0.0%),1 (50.0%),1 (50.0%)
668,💇(person getting haircut),2,1 (50.0%),0 (0.0%),0 (0.0%),0 (0.0%)
669,💏(kiss),2,1 (50.0%),0 (0.0%),0 (0.0%),0 (0.0%)
670,💢(anger symbol),2,0 (0.0%),1 (50.0%),0 (0.0%),0 (0.0%)
671,🌶(hot pepper),2,1 (50.0%),0 (0.0%),1 (50.0%),0 (0.0%)
672,💇🏻(💇🏻),2,1 (50.0%),0 (0.0%),1 (50.0%),0 (0.0%)
673,📓(notebook),2,0 (0.0%),0 (0.0%),1 (50.0%),0 (0.0%)
674,📊(bar chart),2,0 (0.0%),2 (100.0%),0 (0.0%),0 (0.0%)
675,📶(antenna with bars),2,1 (50.0%),0 (0.0%),0 (0.0%),0 (0.0%)
676,💪🏾(💪🏾),2,1 (50.0%),0 (0.0%),0 (0.0%),1 (50.0%)
677,✴(eight pointed black star),2,0 (0.0%),0 (0.0%),0 (0.0%),0 (0.0%)
678,🚌(bus),2,1 (50.0%),0 (0.0%),1 (50.0%),0 (0.0%)
679,🚓(police car),2,1 (50.0%),1 (50.0%),0 (0.0%),0 (0.0%)
680,🚑(ambulance),2,2 (100.0%),0 (0.0%),0 (0.0%),0 (0.0%)
681,🚕(taxi),2,0 (0.0%),0 (0.0%),1 (50.0%),0 (0.0%)
682,🔶(large orange diamond),2,0 (0.0%),0 (0.0%),1 (50.0%),0 (0.0%)
683,⚖️(⚖️),2,0 (0.0%),2 (100.0%),0 (0.0%),0 (0.0%)
684,🔜(soon with rightwards arrow above),2,1 (50.0%),1 (50.0%),0 (0.0%),0 (0.0%)
685,🔆(high brightness symbol),2,0 (0.0%),0 (0.0%),0 (0.0%),0 (0.0%)
686,⛵(sailboat),2,0 (0.0%),0 (0.0%),0 (0.0%),0 (0.0%)
687,📣(cheering megaphone),2,0 (0.0%),0 (0.0%),0 (0.0%),0 (0.0%)
688,📦(package),2,0 (0.0%),0 (0.0%),0 (0.0%),0 (0.0%)
689,⛳(flag in hole),2,1 (50.0%),0 (0.0%),1 (50.0%),0 (0.0%)
690,📡(satellite antenna),2,0 (0.0%),0 (0.0%),1 (50.0%),0 (0.0%)
691,⛑(helmet with white cross),2,0 (0.0%),0 (0.0%),1 (50.0%),0 (0.0%)
692,🙅🏾(🙅🏾),2,0 (0.0%),1 (50.0%),0 (0.0%),0 (0.0%)
693,🎷(saxophone),2,1 (50.0%),0 (0.0%),1 (50.0%),0 (0.0%)
694,🐃(water buffalo),2,0 (0.0%),0 (0.0%),1 (50.0%),1 (50.0%)
695,🙅🏼(🙅🏼),2,1 (50.0%),0 (0.0%),0 (0.0%),0 (0.0%)
696,🙆🏻(🙆🏻),2,1 (50.0%),0 (0.0%),0 (0.0%),0 (0.0%)
697,🗄(file cabinet),2,0 (0.0%),0 (0.0%),2 (100.0%),0 (0.0%)
698,🕵🏻(🕵🏻),2,0 (0.0%),0 (0.0%),0 (0.0%),1 (50.0%)
699,⌛(hourglass),2,0 (0.0%),0 (0.0%),0 (0.0%),0 (0.0%)
700,⏰(alarm clock),2,0 (0.0%),0 (0.0%),1 (50.0%),0 (0.0%)
701,⏱(stopwatch),2,1 (50.0%),0 (0.0%),0 (0.0%),1 (50.0%)
702,🦆(duck),2,0 (0.0%),0 (0.0%),0 (0.0%),0 (0.0%)
703,🥪(sandwich),2,0 (0.0%),0 (0.0%),0 (0.0%),0 (0.0%)
704,🔒(lock),2,0 (0.0%),0 (0.0%),1 (50.0%),0 (0.0%)
705,🖐🏻(🖐🏻),2,1 (50.0%),0 (0.0%),0 (0.0%),0 (0.0%)
706,🖐️(🖐️),2,0 (0.0%),0 (0.0%),0 (0.0%),0 (0.0%)
707,🖐(hand with fingers splayed),2,0 (0.0%),0 (0.0%),1 (50.0%),0 (0.0%)
708,📽️(📽️),2,0 (0.0%),0 (0.0%),0 (0.0%),0 (0.0%)
709,📽(film projector),2,0 (0.0%),0 (0.0%),1 (50.0%),0 (0.0%)
710,📆(tear-off calendar),2,0 (0.0%),0 (0.0%),0 (0.0%),0 (0.0%)
711,⁉️(⁉️),2,0 (0.0%),2 (100.0%),0 (0.0%),0 (0.0%)
712,🦌(deer),2,1 (50.0%),0 (0.0%),0 (0.0%),0 (0.0%)
713,🐙(octopus),2,1 (50.0%),0 (0.0%),1 (50.0%),0 (0.0%)
714,📄(page facing up),2,0 (0.0%),0 (0.0%),1 (50.0%),0 (0.0%)
715,🥃(tumbler glass),2,0 (0.0%),0 (0.0%),0 (0.0%),0 (0.0%)
716,🦂(scorpion),2,0 (0.0%),0 (0.0%),0 (0.0%),0 (0.0%)
717,🥐(croissant),2,0 (0.0%),1 (50.0%),0 (0.0%),0 (0.0%)
718,☝🏽(☝🏽),2,0 (0.0%),0 (0.0%),0 (0.0%),0 (0.0%)
719,☑️(☑️),1,0 (0.0%),0 (0.0%),1 (100.0%),0 (0.0%)
720,⌚(watch),1,0 (0.0%),1 (100.0%),0 (0.0%),0 (0.0%)
721,⏩(black right-pointing double triangle),1,0 (0.0%),0 (0.0%),0 (0.0%),0 (0.0%)
722,⏲(timer clock),1,0 (0.0%),0 (0.0%),0 (0.0%),1 (100.0%)
723,⏺️(⏺️),1,0 (0.0%),0 (0.0%),0 (0.0%),0 (0.0%)
724,◀(black left-pointing triangle),1,0 (0.0%),0 (0.0%),1 (100.0%),0 (0.0%)
725,🥬(leafy green),1,0 (0.0%),0 (0.0%),0 (0.0%),0 (0.0%)
726,🥙(stuffed flatbread),1,0 (0.0%),0 (0.0%),0 (0.0%),0 (0.0%)
727,🥜(peanuts),1,0 (0.0%),0 (0.0%),0 (0.0%),1 (100.0%)
728,🥝(kiwifruit),1,1 (100.0%),0 (0.0%),0 (0.0%),0 (0.0%)
729,🥞(pancakes),1,0 (0.0%),0 (0.0%),0 (0.0%),0 (0.0%)
730,⛹🏽(⛹🏽),1,0 (0.0%),0 (0.0%),0 (0.0%),1 (100.0%)
731,🥖(baguette bread),1,0 (0.0%),1 (100.0%),0 (0.0%),0 (0.0%)
732,🤹🏻(🤹🏻),1,0 (0.0%),1 (100.0%),0 (0.0%),0 (0.0%)
733,🤼(people wrestling),1,0 (0.0%),0 (0.0%),1 (100.0%),0 (0.0%)
734,🥁(drum),1,0 (0.0%),0 (0.0%),1 (100.0%),0 (0.0%)
735,⚰(coffin),1,0 (0.0%),0 (0.0%),1 (100.0%),0 (0.0%)
736,⚾(baseball),1,0 (0.0%),0 (0.0%),1 (100.0%),0 (0.0%)
737,⛈(thunder cloud and rain),1,0 (0.0%),0 (0.0%),1 (100.0%),0 (0.0%)
738,♋(cancer),1,1 (100.0%),0 (0.0%),0 (0.0%),0 (0.0%)
739,♍(virgo),1,0 (0.0%),0 (0.0%),0 (0.0%),0 (0.0%)
740,♐(sagittarius),1,1 (100.0%),0 (0.0%),0 (0.0%),0 (0.0%)
741,♠️(♠️),1,0 (0.0%),0 (0.0%),0 (0.0%),0 (0.0%)
742,♣(black club suit),1,0 (0.0%),0 (0.0%),1 (100.0%),0 (0.0%)
743,✉️(✉️),1,0 (0.0%),0 (0.0%),0 (0.0%),1 (100.0%)
744,✊🏼(✊🏼),1,1 (100.0%),0 (0.0%),0 (0.0%),0 (0.0%)
745,⛸(ice skate),1,0 (0.0%),0 (0.0%),1 (100.0%),0 (0.0%)
746,🛒(shopping trolley),1,0 (0.0%),1 (100.0%),0 (0.0%),0 (0.0%)
747,🛣(motorway),1,1 (100.0%),0 (0.0%),0 (0.0%),0 (0.0%)
748,🛩️(🛩️),1,1 (100.0%),0 (0.0%),0 (0.0%),0 (0.0%)
749,🛬(airplane arriving),1,0 (0.0%),0 (0.0%),0 (0.0%),1 (100.0%)
750,🤳🏻(🤳🏻),1,0 (0.0%),0 (0.0%),0 (0.0%),0 (0.0%)
751,🤳🏽(🤳🏽),1,0 (0.0%),0 (0.0%),0 (0.0%),0 (0.0%)
752,🤶🏻(🤶🏻),1,1 (100.0%),0 (0.0%),0 (0.0%),0 (0.0%)
753,⚓(anchor),1,0 (0.0%),0 (0.0%),1 (100.0%),0 (0.0%)
754,⛲(fountain),1,0 (0.0%),0 (0.0%),0 (0.0%),0 (0.0%)
755,⛷(skier),1,0 (0.0%),0 (0.0%),0 (0.0%),0 (0.0%)
756,➰(curly loop),1,0 (0.0%),0 (0.0%),0 (0.0%),1 (100.0%)
757,⤵(arrow pointing rightwards then curving downwards),1,0 (0.0%),0 (0.0%),0 (0.0%),0 (0.0%)
758,⬅(leftwards black arrow),1,1 (100.0%),0 (0.0%),0 (0.0%),0 (0.0%)
759,⬅️(⬅️),1,0 (0.0%),0 (0.0%),0 (0.0%),0 (0.0%)
760,➕(heavy plus sign),1,0 (0.0%),0 (0.0%),1 (100.0%),0 (0.0%)
761,✳(eight spoked asterisk),1,0 (0.0%),0 (0.0%),0 (0.0%),0 (0.0%)
762,💅🏾(💅🏾),1,0 (0.0%),0 (0.0%),0 (0.0%),0 (0.0%)
763,💆🏻(💆🏻),1,0 (0.0%),0 (0.0%),0 (0.0%),0 (0.0%)
764,💇🏽(💇🏽),1,1 (100.0%),0 (0.0%),0 (0.0%),0 (0.0%)
765,💇🏾(💇🏾),1,1 (100.0%),0 (0.0%),0 (0.0%),0 (0.0%)
766,💶(banknote with euro sign),1,1 (100.0%),0 (0.0%),0 (0.0%),0 (0.0%)
767,💼(briefcase),1,0 (0.0%),0 (0.0%),1 (100.0%),0 (0.0%)
768,💾(floppy disk),1,0 (0.0%),0 (0.0%),0 (0.0%),0 (0.0%)
769,💿(optical disc),1,0 (0.0%),1 (100.0%),0 (0.0%),0 (0.0%)
770,📧(e-mail symbol),1,0 (0.0%),0 (0.0%),1 (100.0%),0 (0.0%)
771,📨(incoming envelope),1,0 (0.0%),0 (0.0%),0 (0.0%),0 (0.0%)
772,📵(no mobile phones),1,0 (0.0%),0 (0.0%),0 (0.0%),1 (100.0%)
773,📠(fax machine),1,0 (0.0%),0 (0.0%),0 (0.0%),0 (0.0%)
774,📢(public address loudspeaker),1,0 (0.0%),0 (0.0%),0 (0.0%),0 (0.0%)
775,📉(chart with downwards trend),1,0 (0.0%),1 (100.0%),0 (0.0%),0 (0.0%)
776,📌(pushpin),1,0 (0.0%),0 (0.0%),0 (0.0%),0 (0.0%)
777,📍(round pushpin),1,1 (100.0%),0 (0.0%),0 (0.0%),0 (0.0%)
778,🔝(top with upwards arrow above),1,0 (0.0%),0 (0.0%),0 (0.0%),0 (0.0%)
779,🔌(electric plug),1,0 (0.0%),0 (0.0%),0 (0.0%),0 (0.0%)
780,🕟(clock four-thirty),1,0 (0.0%),0 (0.0%),0 (0.0%),0 (0.0%)
781,🔰(japanese symbol for beginner),1,1 (100.0%),0 (0.0%),0 (0.0%),0 (0.0%)
782,🔺(up-pointing red triangle),1,0 (0.0%),0 (0.0%),1 (100.0%),0 (0.0%)
783,🗑(wastebasket),1,0 (0.0%),1 (100.0%),0 (0.0%),0 (0.0%)
784,🗯(right anger bubble),1,1 (100.0%),0 (0.0%),0 (0.0%),0 (0.0%)
785,🗺(world map),1,0 (0.0%),0 (0.0%),0 (0.0%),1 (100.0%)
786,📃(page with curl),1,1 (100.0%),0 (0.0%),0 (0.0%),0 (0.0%)
787,📅(calendar),1,0 (0.0%),0 (0.0%),0 (0.0%),0 (0.0%)
788,📈(chart with upwards trend),1,1 (100.0%),0 (0.0%),0 (0.0%),0 (0.0%)
789,🔡(input symbol for latin small letters),1,0 (0.0%),0 (0.0%),0 (0.0%),0 (0.0%)
790,🔦(flashlight),1,0 (0.0%),0 (0.0%),0 (0.0%),0 (0.0%)
791,🔓(open lock),1,0 (0.0%),0 (0.0%),1 (100.0%),0 (0.0%)
792,🔕(bell with cancellation stroke),1,0 (0.0%),0 (0.0%),0 (0.0%),1 (100.0%)
793,🔚(end with leftwards arrow above),1,0 (0.0%),0 (0.0%),0 (0.0%),0 (0.0%)
794,👵🏾(👵🏾),1,0 (0.0%),0 (0.0%),0 (0.0%),0 (0.0%)
795,👱🏼(👱🏼),1,0 (0.0%),0 (0.0%),0 (0.0%),0 (0.0%)
796,👲(man with gua pi mao),1,0 (0.0%),0 (0.0%),1 (100.0%),0 (0.0%)
797,👨🏾(👨🏾),1,0 (0.0%),0 (0.0%),0 (0.0%),0 (0.0%)
798,👉🏿(👉🏿),1,0 (0.0%),0 (0.0%),0 (0.0%),0 (0.0%)
799,👆🏽(👆🏽),1,0 (0.0%),0 (0.0%),0 (0.0%),0 (0.0%)
800,👇🏾(👇🏾),1,0 (0.0%),0 (0.0%),1 (100.0%),0 (0.0%)
801,👚(womans clothes),1,0 (0.0%),1 (100.0%),0 (0.0%),0 (0.0%)
802,👼🏽(👼🏽),1,0 (0.0%),0 (0.0%),0 (0.0%),0 (0.0%)
803,🗾(silhouette of japan),1,0 (0.0%),0 (0.0%),0 (0.0%),1 (100.0%)
804,🖕🏾(🖕🏾),1,0 (0.0%),1 (100.0%),0 (0.0%),0 (0.0%)
805,🖖🏻(🖖🏻),1,1 (100.0%),0 (0.0%),0 (0.0%),0 (0.0%)
806,🖖🏽(🖖🏽),1,1 (100.0%),0 (0.0%),0 (0.0%),0 (0.0%)
807,👐🏽(👐🏽),1,0 (0.0%),0 (0.0%),0 (0.0%),1 (100.0%)
808,👴🏻(👴🏻),1,1 (100.0%),0 (0.0%),0 (0.0%),0 (0.0%)
809,👵🏽(👵🏽),1,0 (0.0%),0 (0.0%),0 (0.0%),0 (0.0%)
810,👦🏻(👦🏻),1,0 (0.0%),0 (0.0%),0 (0.0%),0 (0.0%)
811,👦🏿(👦🏿),1,0 (0.0%),0 (0.0%),1 (100.0%),0 (0.0%)
812,👧🏽(👧🏽),1,0 (0.0%),0 (0.0%),0 (0.0%),1 (100.0%)
813,👨🏻(👨🏻),1,0 (0.0%),0 (0.0%),0 (0.0%),0 (0.0%)
814,👨🏼(👨🏼),1,0 (0.0%),0 (0.0%),0 (0.0%),0 (0.0%)
815,👨🏽(👨🏽),1,0 (0.0%),0 (0.0%),0 (0.0%),0 (0.0%)
816,💃🏾(💃🏾),1,0 (0.0%),0 (0.0%),0 (0.0%),0 (0.0%)
817,👼🏻(👼🏻),1,0 (0.0%),0 (0.0%),1 (100.0%),0 (0.0%)
818,💮(white flower),1,0 (0.0%),0 (0.0%),0 (0.0%),0 (0.0%)
819,💱(currency exchange),1,0 (0.0%),0 (0.0%),0 (0.0%),0 (0.0%)
820,💴(banknote with yen sign),1,0 (0.0%),0 (0.0%),0 (0.0%),0 (0.0%)
821,💪🏿(💪🏿),1,0 (0.0%),1 (100.0%),0 (0.0%),0 (0.0%)
822,👼🏾(👼🏾),1,0 (0.0%),0 (0.0%),0 (0.0%),0 (0.0%)
823,👼🏿(👼🏿),1,0 (0.0%),0 (0.0%),0 (0.0%),1 (100.0%)
824,👵🏿(👵🏿),1,0 (0.0%),0 (0.0%),0 (0.0%),0 (0.0%)
825,👸🏽(👸🏽),1,0 (0.0%),1 (100.0%),0 (0.0%),0 (0.0%)
826,🏊🏼(🏊🏼),1,1 (100.0%),0 (0.0%),0 (0.0%),0 (0.0%)
827,🎽(running shirt with sash),1,0 (0.0%),0 (0.0%),1 (100.0%),0 (0.0%)
828,🎿(ski and ski boot),1,0 (0.0%),1 (100.0%),0 (0.0%),0 (0.0%)
829,🐚(spiral shell),1,1 (100.0%),0 (0.0%),0 (0.0%),0 (0.0%)
830,🐋(whale),1,0 (0.0%),0 (0.0%),1 (100.0%),0 (0.0%)
831,🐏(ram),1,0 (0.0%),0 (0.0%),0 (0.0%),1 (100.0%)
832,🐄(cow),1,1 (100.0%),0 (0.0%),0 (0.0%),0 (0.0%)
833,🐅(tiger),1,0 (0.0%),0 (0.0%),1 (100.0%),0 (0.0%)
834,👁(eye),1,0 (0.0%),0 (0.0%),1 (100.0%),0 (0.0%)
835,👁️(👁️),1,0 (0.0%),0 (0.0%),1 (100.0%),0 (0.0%)
836,🐼(panda face),1,0 (0.0%),0 (0.0%),0 (0.0%),1 (100.0%)
837,🐩(poodle),1,1 (100.0%),0 (0.0%),0 (0.0%),0 (0.0%)
838,🐫(bactrian camel),1,0 (0.0%),0 (0.0%),0 (0.0%),0 (0.0%)
839,🐭(mouse face),1,0 (0.0%),0 (0.0%),1 (100.0%),0 (0.0%)
840,🐮(cow),1,0 (0.0%),0 (0.0%),0 (0.0%),1 (100.0%)
841,🏊(person swimming),1,0 (0.0%),0 (0.0%),1 (100.0%),0 (0.0%)
842,🐧(penguin),1,0 (0.0%),0 (0.0%),0 (0.0%),1 (100.0%)
843,👋🏿(👋🏿),1,0 (0.0%),0 (0.0%),0 (0.0%),0 (0.0%)
844,👉🏾(👉🏾),1,0 (0.0%),0 (0.0%),0 (0.0%),0 (0.0%)
845,🙅🏽(🙅🏽),1,0 (0.0%),0 (0.0%),0 (0.0%),0 (0.0%)
846,🏨(hotel),1,0 (0.0%),1 (100.0%),0 (0.0%),0 (0.0%)
847,🏵(rosette),1,1 (100.0%),0 (0.0%),0 (0.0%),0 (0.0%)
848,🏹(bow and arrow),1,0 (0.0%),0 (0.0%),1 (100.0%),0 (0.0%)
849,🐿(chipmunk),1,0 (0.0%),0 (0.0%),1 (100.0%),0 (0.0%)
850,👜(handbag),1,0 (0.0%),0 (0.0%),1 (100.0%),0 (0.0%)
851,👞(mans shoe),1,0 (0.0%),0 (0.0%),0 (0.0%),1 (100.0%)
852,👤(bust in silhouette),1,1 (100.0%),0 (0.0%),0 (0.0%),0 (0.0%)
853,👒(womans hat),1,0 (0.0%),0 (0.0%),1 (100.0%),0 (0.0%)
854,👘(kimono),1,0 (0.0%),0 (0.0%),0 (0.0%),0 (0.0%)
855,👏🏿(👏🏿),1,1 (100.0%),0 (0.0%),0 (0.0%),0 (0.0%)
856,🐢(turtle),1,1 (100.0%),0 (0.0%),0 (0.0%),0 (0.0%)
857,🐦(bird),1,0 (0.0%),0 (0.0%),0 (0.0%),0 (0.0%)
858,🎺(trumpet),1,1 (100.0%),0 (0.0%),0 (0.0%),0 (0.0%)
859,🎰(slot machine),1,0 (0.0%),0 (0.0%),0 (0.0%),0 (0.0%)
860,🎗(reminder ribbon),1,0 (0.0%),0 (0.0%),1 (100.0%),0 (0.0%)
861,🎙️(🎙️),1,1 (100.0%),0 (0.0%),0 (0.0%),0 (0.0%)
862,🍃(leaf fluttering in wind),1,1 (100.0%),0 (0.0%),0 (0.0%),0 (0.0%)
863,🍄(mushroom),1,0 (0.0%),1 (100.0%),0 (0.0%),0 (0.0%)
864,🍅(tomato),1,0 (0.0%),0 (0.0%),0 (0.0%),0 (0.0%)
865,🎅🏼(🎅🏼),1,0 (0.0%),0 (0.0%),0 (0.0%),1 (100.0%)
866,🚖(oncoming taxi),1,0 (0.0%),0 (0.0%),1 (100.0%),0 (0.0%)
867,🚃(railway car),1,1 (100.0%),0 (0.0%),0 (0.0%),0 (0.0%)
868,🚊(tram),1,0 (0.0%),0 (0.0%),0 (0.0%),1 (100.0%)
869,🚋(tram car),1,1 (100.0%),0 (0.0%),0 (0.0%),0 (0.0%)
870,🚍(oncoming bus),1,1 (100.0%),0 (0.0%),0 (0.0%),0 (0.0%)
871,🙌🏿(🙌🏿),1,0 (0.0%),0 (0.0%),0 (0.0%),0 (0.0%)
872,🍧(shaved ice),1,0 (0.0%),0 (0.0%),0 (0.0%),0 (0.0%)
873,🍪(cookie),1,0 (0.0%),0 (0.0%),0 (0.0%),0 (0.0%)
874,🏌️(🏌️),1,0 (0.0%),0 (0.0%),0 (0.0%),0 (0.0%)
875,🏒(ice hockey stick and puck),1,0 (0.0%),0 (0.0%),0 (0.0%),0 (0.0%)
876,🏚(derelict house),1,0 (0.0%),0 (0.0%),0 (0.0%),0 (0.0%)
877,🏃🏽(🏃🏽),1,0 (0.0%),0 (0.0%),0 (0.0%),0 (0.0%)
878,🏅(sports medal),1,0 (0.0%),0 (0.0%),1 (100.0%),0 (0.0%)
879,🚎(trolleybus),1,1 (100.0%),0 (0.0%),0 (0.0%),0 (0.0%)
880,🚐(minibus),1,0 (0.0%),0 (0.0%),0 (0.0%),0 (0.0%)
881,🚒(fire engine),1,0 (0.0%),0 (0.0%),1 (100.0%),0 (0.0%)
882,🎍(pine decoration),1,0 (0.0%),1 (100.0%),0 (0.0%),0 (0.0%)
883,🎑(moon viewing ceremony),1,0 (0.0%),0 (0.0%),0 (0.0%),1 (100.0%)
884,🎖️(🎖️),1,0 (0.0%),0 (0.0%),0 (0.0%),0 (0.0%)
885,🏜(desert),1,0 (0.0%),0 (0.0%),0 (0.0%),0 (0.0%)
886,🏟(stadium),1,0 (0.0%),0 (0.0%),0 (0.0%),0 (0.0%)
887,🏢(office building),1,0 (0.0%),0 (0.0%),0 (0.0%),0 (0.0%)
888,🏤(european post office),1,0 (0.0%),0 (0.0%),0 (0.0%),0 (0.0%)
889,🏋(person lifting weights),1,0 (0.0%),1 (100.0%),0 (0.0%),0 (0.0%)
890,🇦🇺(🇦🇺),1,0 (0.0%),0 (0.0%),1 (100.0%),0 (0.0%)
891,⬛(black large square),1,0 (0.0%),0 (0.0%),1 (100.0%),0 (0.0%)
892,🃏(playing card black joker),1,0 (0.0%),0 (0.0%),0 (0.0%),0 (0.0%)
893,🅰(negative squared latin capital letter a),1,0 (0.0%),0 (0.0%),1 (100.0%),0 (0.0%)
894,🌒(waxing crescent moon symbol),1,0 (0.0%),0 (0.0%),0 (0.0%),0 (0.0%)
895,🌓(first quarter moon symbol),1,0 (0.0%),0 (0.0%),0 (0.0%),0 (0.0%)
896,🌕(full moon symbol),1,0 (0.0%),0 (0.0%),1 (100.0%),0 (0.0%)
897,🌗(last quarter moon symbol),1,0 (0.0%),0 (0.0%),0 (0.0%),0 (0.0%)
898,🇵🇱(🇵🇱),1,0 (0.0%),0 (0.0%),0 (0.0%),0 (0.0%)
899,🇵🇷(🇵🇷),1,0 (0.0%),0 (0.0%),1 (100.0%),0 (0.0%)
900,🇷🇺(🇷🇺),1,1 (100.0%),0 (0.0%),0 (0.0%),0 (0.0%)
901,🇾🇪(🇾🇪),1,0 (0.0%),0 (0.0%),0 (0.0%),0 (0.0%)
902,🌰(chestnut),1,0 (0.0%),1 (100.0%),0 (0.0%),0 (0.0%)
903,🌪(cloud with tornado),1,0 (0.0%),0 (0.0%),1 (100.0%),0 (0.0%)
904,🌪️(🌪️),1,0 (0.0%),0 (0.0%),0 (0.0%),0 (0.0%)
905,🌫(fog),1,0 (0.0%),0 (0.0%),0 (0.0%),0 (0.0%)
906,🛑(octagonal sign),1,0 (0.0%),0 (0.0%),0 (0.0%),0 (0.0%)
907,🚭(no smoking symbol),1,0 (0.0%),0 (0.0%),0 (0.0%),0 (0.0%)
908,🚰(potable water symbol),1,0 (0.0%),0 (0.0%),1 (100.0%),0 (0.0%)
909,🚷(no pedestrians),1,0 (0.0%),0 (0.0%),0 (0.0%),0 (0.0%)
910,🚹(mens symbol),1,0 (0.0%),0 (0.0%),1 (100.0%),0 (0.0%)
911,🚧(construction sign),1,0 (0.0%),0 (0.0%),1 (100.0%),0 (0.0%)
912,🚪(door),1,0 (0.0%),0 (0.0%),1 (100.0%),0 (0.0%)
913,🇳🇿(🇳🇿),1,1 (100.0%),0 (0.0%),0 (0.0%),0 (0.0%)
914,🍮(custard),1,0 (0.0%),0 (0.0%),1 (100.0%),0 (0.0%)
915,🍳(cooking),1,1 (100.0%),0 (0.0%),0 (0.0%),0 (0.0%)
916,🌤(white sun with small cloud),1,0 (0.0%),0 (0.0%),1 (100.0%),0 (0.0%)
917,🍡(dango),1,0 (0.0%),0 (0.0%),0 (0.0%),0 (0.0%)
918,🍤(fried shrimp),1,0 (0.0%),0 (0.0%),0 (0.0%),0 (0.0%)
919,🛋(couch and lamp),1,1 (100.0%),0 (0.0%),0 (0.0%),0 (0.0%)
920,🛍(shopping bags),1,1 (100.0%),0 (0.0%),0 (0.0%),0 (0.0%)
921,🛏(bed),1,0 (0.0%),0 (0.0%),1 (100.0%),0 (0.0%)
922,🇧🇸(🇧🇸),1,0 (0.0%),0 (0.0%),0 (0.0%),0 (0.0%)
923,🇩🇰(🇩🇰),1,0 (0.0%),1 (100.0%),0 (0.0%),0 (0.0%)
924,🇪🇺(🇪🇺),1,0 (0.0%),0 (0.0%),0 (0.0%),0 (0.0%)
925,🆓(squared free),1,0 (0.0%),0 (0.0%),1 (100.0%),0 (0.0%)
926,🆕(squared new),1,0 (0.0%),0 (0.0%),0 (0.0%),0 (0.0%)
927,🆙(squared up with exclamation mark),1,0 (0.0%),0 (0.0%),0 (0.0%),1 (100.0%)
928,⛈️(⛈️),1,1 (100.0%),0 (0.0%),0 (0.0%),0 (0.0%)
929,⛔(no entry),1,0 (0.0%),0 (0.0%),0 (0.0%),0 (0.0%)
930,🇫🇯(🇫🇯),1,0 (0.0%),0 (0.0%),0 (0.0%),0 (0.0%)
931,🇭🇹(🇭🇹),1,0 (0.0%),0 (0.0%),0 (0.0%),0 (0.0%)
932,🇮🇹(🇮🇹),1,0 (0.0%),0 (0.0%),0 (0.0%),0 (0.0%)
933,🇯🇵(🇯🇵),1,1 (100.0%),0 (0.0%),0 (0.0%),0 (0.0%)
934,🇱🇻(🇱🇻),1,0 (0.0%),0 (0.0%),1 (100.0%),0 (0.0%)
935,🇧🇩(🇧🇩),1,0 (0.0%),0 (0.0%),1 (100.0%),0 (0.0%)
936,🇧🇪(🇧🇪),1,0 (0.0%),1 (100.0%),0 (0.0%),0 (0.0%)
937,🇧🇷(🇧🇷),1,0 (0.0%),0 (0.0%),0 (0.0%),0 (0.0%)
938,🚣(rowboat),1,0 (0.0%),0 (0.0%),0 (0.0%),0 (0.0%)
939,🤜(right facing fist),1,0 (0.0%),0 (0.0%),1 (100.0%),0 (0.0%)
940,🤞🏽(🤞🏽),1,1 (100.0%),0 (0.0%),0 (0.0%),0 (0.0%)
941,🤟(love you gesture),1,0 (0.0%),0 (0.0%),1 (100.0%),0 (0.0%)
942,🤙🏽(🤙🏽),1,0 (0.0%),0 (0.0%),0 (0.0%),0 (0.0%)
943,🤚🏽(🤚🏽),1,0 (0.0%),0 (0.0%),0 (0.0%),1 (100.0%)
944,🤛(left facing fist),1,0 (0.0%),0 (0.0%),1 (100.0%),0 (0.0%)
945,✒️(✒️),1,0 (0.0%),0 (0.0%),0 (0.0%),0 (0.0%)
946,🌛(first quarter moon with),1,1 (100.0%),0 (0.0%),0 (0.0%),0 (0.0%)
947,🈂(squared katakana sa),1,0 (0.0%),0 (0.0%),0 (0.0%),0 (0.0%)
948,🈚(squared cjk unified ideograph-7121),1,0 (0.0%),0 (0.0%),0 (0.0%),0 (0.0%)
949,🈵(squared cjk unified ideograph-6e80),1,1 (100.0%),0 (0.0%),0 (0.0%),0 (0.0%)
950,🈸(squared cjk unified ideograph-7533),1,0 (0.0%),0 (0.0%),0 (0.0%),0 (0.0%)
951,🚛(articulated lorry),1,0 (0.0%),1 (100.0%),0 (0.0%),0 (0.0%)
952,🚜(tractor),1,1 (100.0%),0 (0.0%),0 (0.0%),0 (0.0%)
953,🚡(aerial tramway),1,0 (0.0%),0 (0.0%),0 (0.0%),0 (0.0%)
954,3️⃣(3️⃣),1,1 (100.0%),0 (0.0%),0 (0.0%),0 (0.0%)
955,2⃣(2⃣),1,0 (0.0%),0 (0.0%),0 (0.0%),0 (0.0%)
956,0️⃣(0️⃣),1,0 (0.0%),1 (100.0%),0 (0.0%),0 (0.0%)
957,0⃣(0⃣),1,0 (0.0%),0 (0.0%),0 (0.0%),0 (0.0%)
958,🧿(nazar amulet),1,0 (0.0%),0 (0.0%),1 (100.0%),0 (0.0%)
959,☄(comet),1,1 (100.0%),0 (0.0%),0 (0.0%),0 (0.0%)
960,☑(ballot box with check),1,0 (0.0%),0 (0.0%),0 (0.0%),0 (0.0%)
961,🥤(cup with straw),1,1 (100.0%),0 (0.0%),0 (0.0%),0 (0.0%)
962,🧖🏻(🧖🏻),1,0 (0.0%),0 (0.0%),0 (0.0%),0 (0.0%)
963,🧘🏽(🧘🏽),1,1 (100.0%),0 (0.0%),0 (0.0%),0 (0.0%)
964,🧛(vampire),1,0 (0.0%),0 (0.0%),0 (0.0%),0 (0.0%)
965,🧟(zombie),1,0 (0.0%),0 (0.0%),0 (0.0%),0 (0.0%)
966,🦊(fox face),1,1 (100.0%),0 (0.0%),0 (0.0%),0 (0.0%)
967,🦖(t-rex),1,0 (0.0%),0 (0.0%),0 (0.0%),0 (0.0%)
968,↩️(↩️),1,0 (0.0%),0 (0.0%),0 (0.0%),0 (0.0%)
969,⁉(exclamation question mark),1,1 (100.0%),0 (0.0%),0 (0.0%),0 (0.0%)
970,🤟🏾(🤟🏾),1,1 (100.0%),0 (0.0%),0 (0.0%),0 (0.0%)
971,🧣(scarf),1,0 (0.0%),0 (0.0%),1 (100.0%),0 (0.0%)
972,🧬(dna),1,0 (0.0%),0 (0.0%),1 (100.0%),0 (0.0%)
973,🧳(luggage),1,0 (0.0%),0 (0.0%),1 (100.0%),0 (0.0%)
974,🧸(teddy bear),1,0 (0.0%),0 (0.0%),1 (100.0%),0 (0.0%)
975,🧻(roll of paper),1,0 (0.0%),0 (0.0%),0 (0.0%),0 (0.0%)
976,🧁(cupcake),1,0 (0.0%),1 (100.0%),0 (0.0%),0 (0.0%)
977,🧔🏿(🧔🏿),1,0 (0.0%),1 (100.0%),0 (0.0%),0 (0.0%)
978,⚕(staff of aesculapius),1,0 (0.0%),0 (0.0%),0 (0.0%),0 (0.0%)
979,⚕️(⚕️),1,1 (100.0%),0 (0.0%),0 (0.0%),0 (0.0%)
980,♦(black diamond suit),1,0 (0.0%),0 (0.0%),1 (100.0%),0 (0.0%)
981,♾(permanent paper sign),1,0 (0.0%),0 (0.0%),1 (100.0%),0 (0.0%)
982,⚒️(⚒️),1,0 (0.0%),0 (0.0%),0 (0.0%),0 (0.0%)
983,🤟🏻(🤟🏻),1,0 (0.0%),1 (100.0%),0 (0.0%),0 (0.0%)
984,🤟🏼(🤟🏼),1,0 (0.0%),0 (0.0%),0 (0.0%),1 (100.0%)
985,🤟🏽(🤟🏽),1,0 (0.0%),0 (0.0%),0 (0.0%),1 (100.0%)
986,🕉(om symbol),1,0 (0.0%),0 (0.0%),0 (0.0%),0 (0.0%)
987,🕐(clock one oclock),1,1 (100.0%),0 (0.0%),0 (0.0%),0 (0.0%)
988,🕑(clock two oclock),1,0 (0.0%),0 (0.0%),1 (100.0%),0 (0.0%)
989,🕓(clock four oclock),1,0 (0.0%),0 (0.0%),0 (0.0%),0 (0.0%)
990,📜(scroll),1,0 (0.0%),0 (0.0%),0 (0.0%),0 (0.0%)
991,📀(dvd),1,0 (0.0%),0 (0.0%),0 (0.0%),0 (0.0%)
992,📁(file folder),1,0 (0.0%),1 (100.0%),0 (0.0%),0 (0.0%)
993,📂(open file folder),1,0 (0.0%),1 (100.0%),0 (0.0%),0 (0.0%)
994,🖊(lower left ballpoint pen),1,0 (0.0%),0 (0.0%),1 (100.0%),0 (0.0%)
995,🖋(lower left fountain pen),1,0 (0.0%),0 (0.0%),0 (0.0%),0 (0.0%)
996,🖌(lower left paintbrush),1,0 (0.0%),0 (0.0%),0 (0.0%),0 (0.0%)
997,🖕🏻(🖕🏻),1,1 (100.0%),0 (0.0%),0 (0.0%),0 (0.0%)
998,🕯️(🕯️),1,1 (100.0%),0 (0.0%),0 (0.0%),0 (0.0%)
999,🕰(mantelpiece clock),1,0 (0.0%),0 (0.0%),0 (0.0%),1 (100.0%)
1000,🕵(detective),1,0 (0.0%),0 (0.0%),1 (100.0%),0 (0.0%)
1001,🕸(spider web),1,0 (0.0%),1 (100.0%),0 (0.0%),0 (0.0%)
1002,🦇(bat),1,1 (100.0%),0 (0.0%),0 (0.0%),0 (0.0%)
1003,♉(taurus),1,0 (0.0%),0 (0.0%),0 (0.0%),0 (0.0%)
1004,☣(biohazard sign),1,0 (0.0%),1 (100.0%),0 (0.0%),0 (0.0%)
1005,☮(peace symbol),1,0 (0.0%),0 (0.0%),0 (0.0%),1 (100.0%)
1006,☘(shamrock),1,0 (0.0%),0 (0.0%),0 (0.0%),0 (0.0%)
1007,🔑(key),1,0 (0.0%),0 (0.0%),0 (0.0%),0 (0.0%)
1008,📻(radio),1,0 (0.0%),0 (0.0%),1 (100.0%),0 (0.0%)
1009,📼(videocassette),1,0 (0.0%),0 (0.0%),1 (100.0%),0 (0.0%)
1010,🥥(coconut),1,1 (100.0%),0 (0.0%),0 (0.0%),0 (0.0%)
1011,🥧(pie),1,0 (0.0%),0 (0.0%),0 (0.0%),0 (0.0%)
1012,🥩(cut of meat),1,1 (100.0%),0 (0.0%),0 (0.0%),0 (0.0%)
1013,🥄(spoon),1,1 (100.0%),0 (0.0%),0 (0.0%),0 (0.0%)
1014,🦠(microbe),1,0 (0.0%),0 (0.0%),0 (0.0%),0 (0.0%)
1015,🦷(tooth),1,0 (0.0%),0 (0.0%),0 (0.0%),0 (0.0%)
1016,🦀(crab),1,0 (0.0%),0 (0.0%),0 (0.0%),0 (0.0%)
1017,🦅(eagle),1,0 (0.0%),1 (100.0%),0 (0.0%),0 (0.0%)
